dataset,condition,repeat,global_best,global_min,init_best_norm,auc_best,final_best,final_best_normalised,steps_to_90pct,switch_count,switch_frequency,failure_count,regime,batch_size,refit
hartmann6,batch1_joint,0,1.7914431443280272,0.0001950575971415,0.6051133527708046,0.8680739286522726,1.7914431443280272,0.9999999999994418,18,0,0.0,0,multimodal,1.0,False
hartmann6,batch1_joint,1,1.7914431443280272,0.0001950575971415,0.6565749876852086,0.9587845108585766,1.7914431443280272,0.9999999999994418,6,0,0.0,0,multimodal,1.0,False
hartmann6,batch1_joint,2,1.7914431443280272,0.0001950575971415,0.4753460434620039,0.9475288911375805,1.7914431443280272,0.9999999999994418,5,0,0.0,0,multimodal,1.0,False
hartmann6,batch1_joint,3,1.7914431443280272,0.0001950575971415,0.48122562128817803,0.8373610542491913,1.7914431443280272,0.9999999999994418,23,0,0.0,0,multimodal,1.0,False
hartmann6,batch1_joint,4,1.7914431443280272,0.0001950575971415,0.10777015419263257,0.635738113018699,1.7914431443280272,0.9999999999994418,32,0,0.0,0,multimodal,1.0,False
hartmann6,batch1_joint,5,1.7914431443280272,0.0001950575971415,0.07995088424058891,0.7980659945324559,1.7914431443280272,0.9999999999994418,13,0,0.0,0,multimodal,1.0,False
hartmann6,batch1_joint,6,1.7914431443280272,0.0001950575971415,0.12824218389169903,0.592198841682052,1.454525689842031,0.8119295856228881,-1,0,0.0,0,multimodal,1.0,False
hartmann6,batch1_joint,7,1.7914431443280272,0.0001950575971415,0.3582180283520165,0.8434112805550575,1.7914431443280272,0.9999999999994418,29,0,0.0,0,multimodal,1.0,False
hartmann6,batch1_joint,8,1.7914431443280272,0.0001950575971415,0.08921943774938301,0.6673513362839192,1.454525689842031,0.8119295856228881,-1,0,0.0,0,multimodal,1.0,False
hartmann6,batch1_joint,9,1.7914431443280272,0.0001950575971415,0.8119295856233414,0.8119091057337084,1.454525689842031,0.8119295856228881,-1,0,0.0,0,multimodal,1.0,False
hartmann6,batch1_joint,10,1.7914431443280272,0.0001950575971415,0.41884855836326584,0.8935938394983287,1.7914431443280272,0.9999999999994418,11,0,0.0,0,multimodal,1.0,False
hartmann6,batch1_joint,11,1.7914431443280272,0.0001950575971415,0.0893963570108011,0.9033811358192294,1.7914431443280272,0.9999999999994418,7,0,0.0,0,multimodal,1.0,False
hartmann6,batch1_joint,12,1.7914431443280272,0.0001950575971415,0.0893963570108011,0.6314161248373389,1.454525689842031,0.8119295856228881,-1,0,0.0,0,multimodal,1.0,False
hartmann6,batch1_joint,13,1.7914431443280272,0.0001950575971415,0.30705316798911725,0.7644442029417873,1.7914431443280272,0.9999999999994418,20,0,0.0,0,multimodal,1.0,False
hartmann6,batch1_joint,14,1.7914431443280272,0.0001950575971415,0.5277412980450483,0.8175630815929763,1.7914431443280272,0.9999999999994418,21,0,0.0,0,multimodal,1.0,False
hartmann6,batch1_joint,15,1.7914431443280272,0.0001950575971415,0.6605046370631522,0.6846982978563352,1.454525689842031,0.8119295856228881,-1,0,0.0,0,multimodal,1.0,False
hartmann6,batch1_joint,16,1.7914431443280272,0.0001950575971415,0.6565749876852086,0.8699558936610506,1.7914431443280272,0.9999999999994418,19,0,0.0,0,multimodal,1.0,False
hartmann6,batch1_joint,17,1.7914431443280272,0.0001950575971415,0.8613005066045224,0.9750313725312371,1.7914431443280272,0.9999999999994418,9,0,0.0,0,multimodal,1.0,False
hartmann6,batch1_joint,18,1.7914431443280272,0.0001950575971415,0.12304381533818813,0.8285265841805479,1.7914431443280272,0.9999999999994418,13,0,0.0,0,multimodal,1.0,False
hartmann6,batch1_joint,19,1.7914431443280272,0.0001950575971415,1.0,1.0,1.7914431443280272,0.9999999999994418,0,0,0.0,0,multimodal,1.0,False
hartmann6,batch2_joint,0,1.7914431443280272,0.0001950575971415,0.6051133527708046,0.9289126633004986,1.7914431443280272,0.9999999999994418,9,0,0.0,0,multimodal,2.0,False
hartmann6,batch2_joint,1,1.7914431443280272,0.0001950575971415,0.6565749876852086,0.9519152626683394,1.7914431443280272,0.9999999999994418,7,0,0.0,0,multimodal,2.0,False
hartmann6,batch2_joint,2,1.7914431443280272,0.0001950575971415,0.4753460434620039,0.9475288911375805,1.7914431443280272,0.9999999999994418,5,0,0.0,0,multimodal,2.0,False
hartmann6,batch2_joint,3,1.7914431443280272,0.0001950575971415,0.48122562128817803,0.8350686318787226,1.7914431443280272,0.9999999999994418,27,0,0.0,0,multimodal,2.0,False
hartmann6,batch2_joint,4,1.7914431443280272,0.0001950575971415,0.10777015419263257,0.6992587153865759,1.7914431443280272,0.9999999999994418,21,0,0.0,0,multimodal,2.0,False
hartmann6,batch2_joint,5,1.7914431443280272,0.0001950575971415,0.07995088424058891,0.6973056132900689,1.454525689842031,0.8119295856228881,-1,0,0.0,0,multimodal,2.0,False
hartmann6,batch2_joint,6,1.7914431443280272,0.0001950575971415,0.12824218389169903,0.8596963896231593,1.7914431443280272,0.9999999999994418,11,0,0.0,0,multimodal,2.0,False
hartmann6,batch2_joint,7,1.7914431443280272,0.0001950575971415,0.3582180283520165,0.7603181487139514,1.454525689842031,0.8119295856228881,-1,0,0.0,0,multimodal,2.0,False
hartmann6,batch2_joint,8,1.7914431443280272,0.0001950575971415,0.08921943774938301,0.5420876627679816,1.454525689842031,0.8119295856228881,-1,0,0.0,0,multimodal,2.0,False
hartmann6,batch2_joint,9,1.7914431443280272,0.0001950575971415,0.8119295856233414,0.8231945593896859,1.7914431443280272,0.9999999999994418,47,0,0.0,0,multimodal,2.0,False
hartmann6,batch2_joint,10,1.7914431443280272,0.0001950575971415,0.41884855836326584,0.9050486450706621,1.7914431443280272,0.9999999999994418,9,0,0.0,0,multimodal,2.0,False
hartmann6,batch2_joint,11,1.7914431443280272,0.0001950575971415,0.0893963570108011,0.9033811358192294,1.7914431443280272,0.9999999999994418,7,0,0.0,0,multimodal,2.0,False
hartmann6,batch2_joint,12,1.7914431443280272,0.0001950575971415,0.0893963570108011,0.6481104346937869,1.7914431443280272,0.9999999999994418,41,0,0.0,0,multimodal,2.0,False
hartmann6,batch2_joint,13,1.7914431443280272,0.0001950575971415,0.30705316798911725,0.7437798614085454,1.7914431443280272,0.9999999999994418,23,0,0.0,0,multimodal,2.0,False
hartmann6,batch2_joint,14,1.7914431443280272,0.0001950575971415,0.5277412980450483,0.7490495878236199,1.7914431443280272,0.9999999999994418,35,0,0.0,0,multimodal,2.0,False
hartmann6,batch2_joint,15,1.7914431443280272,0.0001950575971415,0.6605046370631522,0.7974010788115016,1.7914431443280272,0.9999999999994418,45,0,0.0,0,multimodal,2.0,False
hartmann6,batch2_joint,16,1.7914431443280272,0.0001950575971415,0.6565749876852086,0.7925882039190506,1.7914431443280272,0.9999999999994418,33,0,0.0,0,multimodal,2.0,False
hartmann6,batch2_joint,17,1.7914431443280272,0.0001950575971415,0.8613005066045224,0.9639342047673425,1.7914431443280272,0.9999999999994418,13,0,0.0,0,multimodal,2.0,False
hartmann6,batch2_joint,18,1.7914431443280272,0.0001950575971415,0.12304381533818813,0.7586682660478047,1.7914431443280272,0.9999999999994418,23,0,0.0,0,multimodal,2.0,False
hartmann6,batch2_joint,19,1.7914431443280272,0.0001950575971415,1.0,1.0,1.7914431443280272,0.9999999999994418,0,0,0.0,0,multimodal,2.0,False
hartmann6,batch2_refit,0,1.7914431443280272,0.0001950575971415,0.6051133527708046,0.9311285559450994,1.7914431443280272,0.9999999999994418,9,0,0.0,0,multimodal,2.0,True
hartmann6,batch2_refit,1,1.7914431443280272,0.0001950575971415,0.6565749876852086,0.9519152626683394,1.7914431443280272,0.9999999999994418,7,0,0.0,0,multimodal,2.0,True
hartmann6,batch2_refit,2,1.7914431443280272,0.0001950575971415,0.4753460434620039,0.9475288911375805,1.7914431443280272,0.9999999999994418,5,0,0.0,0,multimodal,2.0,True
hartmann6,batch2_refit,3,1.7914431443280272,0.0001950575971415,0.48122562128817803,0.8275449961080708,1.7914431443280272,0.9999999999994418,29,0,0.0,0,multimodal,2.0,True
hartmann6,batch2_refit,4,1.7914431443280272,0.0001950575971415,0.10777015419263257,0.7320634628439803,1.7914431443280272,0.9999999999994418,27,0,0.0,0,multimodal,2.0,True
hartmann6,batch2_refit,5,1.7914431443280272,0.0001950575971415,0.07995088424058891,0.8656305135130725,1.7914431443280272,0.9999999999994418,9,0,0.0,0,multimodal,2.0,True
hartmann6,batch2_refit,6,1.7914431443280272,0.0001950575971415,0.12824218389169903,0.8440682770577419,1.7914431443280272,0.9999999999994418,9,0,0.0,0,multimodal,2.0,True
hartmann6,batch2_refit,7,1.7914431443280272,0.0001950575971415,0.3582180283520165,0.7603181487139514,1.454525689842031,0.8119295856228881,-1,0,0.0,0,multimodal,2.0,True
hartmann6,batch2_refit,8,1.7914431443280272,0.0001950575971415,0.08921943774938301,0.6811057229230911,1.7914431443280272,0.9999999999994418,33,0,0.0,0,multimodal,2.0,True
hartmann6,batch2_refit,9,1.7914431443280272,0.0001950575971415,0.8119295856233414,0.9106578002125942,1.7914431443280272,0.9999999999994418,29,0,0.0,0,multimodal,2.0,True
hartmann6,batch2_refit,10,1.7914431443280272,0.0001950575971415,0.41884855836326584,0.9130813544773366,1.7914431443280272,0.9999999999994418,9,0,0.0,0,multimodal,2.0,True
hartmann6,batch2_refit,11,1.7914431443280272,0.0001950575971415,0.0893963570108011,0.6168707128224584,1.7914431443280272,0.9999999999994418,43,0,0.0,0,multimodal,2.0,True
hartmann6,batch2_refit,12,1.7914431443280272,0.0001950575971415,0.0893963570108011,0.6530664835822678,1.7914431443280272,0.9999999999994418,41,0,0.0,0,multimodal,2.0,True
hartmann6,batch2_refit,13,1.7914431443280272,0.0001950575971415,0.30705316798911725,0.7401641716367522,1.7914431443280272,0.9999999999994418,23,0,0.0,0,multimodal,2.0,True
hartmann6,batch2_refit,14,1.7914431443280272,0.0001950575971415,0.5277412980450483,0.8065857399950508,1.7914431443280272,0.9999999999994418,23,0,0.0,0,multimodal,2.0,True
hartmann6,batch2_refit,15,1.7914431443280272,0.0001950575971415,0.6605046370631522,0.7623273674491182,1.7914431443280272,0.9999999999994418,35,0,0.0,0,multimodal,2.0,True
hartmann6,batch2_refit,16,1.7914431443280272,0.0001950575971415,0.6565749876852086,0.823033694600754,1.7914431443280272,0.9999999999994418,33,0,0.0,0,multimodal,2.0,True
hartmann6,batch2_refit,17,1.7914431443280272,0.0001950575971415,0.8613005066045224,0.9639342047673425,1.7914431443280272,0.9999999999994418,13,0,0.0,0,multimodal,2.0,True
hartmann6,batch2_refit,18,1.7914431443280272,0.0001950575971415,0.12304381533818813,0.7198990578894185,1.7914431443280272,0.9999999999994418,27,0,0.0,0,multimodal,2.0,True
hartmann6,batch2_refit,19,1.7914431443280272,0.0001950575971415,1.0,1.0,1.7914431443280272,0.9999999999994418,0,0,0.0,0,multimodal,2.0,True
hartmann6,batch4_joint,0,1.7914431443280272,0.0001950575971415,0.6051133527708046,0.8202623169915242,1.7914431443280272,0.9999999999994418,25,0,0.0,0,multimodal,4.0,False
hartmann6,batch4_joint,1,1.7914431443280272,0.0001950575971415,0.6565749876852086,0.9545565912849193,1.7914431443280272,0.9999999999994418,9,0,0.0,0,multimodal,4.0,False
hartmann6,batch4_joint,2,1.7914431443280272,0.0001950575971415,0.4753460434620039,0.9475288911375805,1.7914431443280272,0.9999999999994418,5,0,0.0,0,multimodal,4.0,False
hartmann6,batch4_joint,3,1.7914431443280272,0.0001950575971415,0.48122562128817803,0.7612982524248872,1.7914431443280272,0.9999999999994418,45,0,0.0,0,multimodal,4.0,False
hartmann6,batch4_joint,4,1.7914431443280272,0.0001950575971415,0.10777015419263257,0.6964591806456917,1.7914431443280272,0.9999999999994418,21,0,0.0,0,multimodal,4.0,False
hartmann6,batch4_joint,5,1.7914431443280272,0.0001950575971415,0.07995088424058891,0.7800479520676811,1.7914431443280272,0.9999999999994418,17,0,0.0,0,multimodal,4.0,False
hartmann6,batch4_joint,6,1.7914431443280272,0.0001950575971415,0.12824218389169903,0.809285214005711,1.7914431443280272,0.9999999999994418,17,0,0.0,0,multimodal,4.0,False
hartmann6,batch4_joint,7,1.7914431443280272,0.0001950575971415,0.3582180283520165,0.9358148141634366,1.7914431443280272,0.9999999999994418,5,0,0.0,0,multimodal,4.0,False
hartmann6,batch4_joint,8,1.7914431443280272,0.0001950575971415,0.08921943774938301,0.8163270983528506,1.7914431443280272,0.9999999999994418,21,0,0.0,0,multimodal,4.0,False
hartmann6,batch4_joint,9,1.7914431443280272,0.0001950575971415,0.8119295856233414,0.8119091057337084,1.454525689842031,0.8119295856228881,-1,0,0.0,0,multimodal,4.0,False
hartmann6,batch4_joint,10,1.7914431443280272,0.0001950575971415,0.41884855836326584,0.8842841815551847,1.7914431443280272,0.9999999999994418,13,0,0.0,0,multimodal,4.0,False
hartmann6,batch4_joint,11,1.7914431443280272,0.0001950575971415,0.0893963570108011,0.8978325519372821,1.7914431443280272,0.9999999999994418,9,0,0.0,0,multimodal,4.0,False
hartmann6,batch4_joint,12,1.7914431443280272,0.0001950575971415,0.0893963570108011,0.750194590817211,1.7914431443280272,0.9999999999994418,21,0,0.0,0,multimodal,4.0,False
hartmann6,batch4_joint,13,1.7914431443280272,0.0001950575971415,0.30705316798911725,0.6347969333918069,1.7914431443280272,0.9999999999994418,37,0,0.0,0,multimodal,4.0,False
hartmann6,batch4_joint,14,1.7914431443280272,0.0001950575971415,0.5277412980450483,0.7350259221695237,1.454525689842031,0.8119295856228881,-1,0,0.0,0,multimodal,4.0,False
hartmann6,batch4_joint,15,1.7914431443280272,0.0001950575971415,0.6605046370631522,0.6877271266153202,1.454525689842031,0.8119295856228881,-1,0,0.0,0,multimodal,4.0,False
hartmann6,batch4_joint,16,1.7914431443280272,0.0001950575971415,0.6565749876852086,0.7354809728457447,1.454525689842031,0.8119295856228881,-1,0,0.0,0,multimodal,4.0,False
hartmann6,batch4_joint,17,1.7914431443280272,0.0001950575971415,0.8613005066045224,0.9417398692395532,1.7914431443280272,0.9999999999994418,21,0,0.0,0,multimodal,4.0,False
hartmann6,batch4_joint,18,1.7914431443280272,0.0001950575971415,0.12304381533818813,0.6843197852651107,1.7914431443280272,0.9999999999994418,33,0,0.0,0,multimodal,4.0,False
hartmann6,batch4_joint,19,1.7914431443280272,0.0001950575971415,1.0,1.0,1.7914431443280272,0.9999999999994418,0,0,0.0,0,multimodal,4.0,False
hartmann6,batch4_refit,0,1.7914431443280272,0.0001950575971415,0.6051133527708046,0.8687235771352855,1.7914431443280272,0.9999999999994418,25,0,0.0,0,multimodal,4.0,True
hartmann6,batch4_refit,1,1.7914431443280272,0.0001950575971415,0.6565749876852086,0.9545565912849193,1.7914431443280272,0.9999999999994418,9,0,0.0,0,multimodal,4.0,True
hartmann6,batch4_refit,2,1.7914431443280272,0.0001950575971415,0.4753460434620039,0.9475288911375805,1.7914431443280272,0.9999999999994418,5,0,0.0,0,multimodal,4.0,True
hartmann6,batch4_refit,3,1.7914431443280272,0.0001950575971415,0.48122562128817803,0.9481169129457414,1.7914431443280272,0.9999999999994418,5,0,0.0,0,multimodal,4.0,True
hartmann6,batch4_refit,4,1.7914431443280272,0.0001950575971415,0.10777015419263257,0.8393811391008131,1.7914431443280272,0.9999999999994418,9,0,0.0,0,multimodal,4.0,True
hartmann6,batch4_refit,5,1.7914431443280272,0.0001950575971415,0.07995088424058891,0.8232759574582738,1.7914431443280272,0.9999999999994418,13,0,0.0,0,multimodal,4.0,True
hartmann6,batch4_refit,6,1.7914431443280272,0.0001950575971415,0.12824218389169903,0.882944978663364,1.7914431443280272,0.9999999999994418,9,0,0.0,0,multimodal,4.0,True
hartmann6,batch4_refit,7,1.7914431443280272,0.0001950575971415,0.3582180283520165,0.790577199393719,1.7914431443280272,0.9999999999994418,37,0,0.0,0,multimodal,4.0,True
hartmann6,batch4_refit,8,1.7914431443280272,0.0001950575971415,0.08921943774938301,0.9089120258484762,1.7914431443280272,0.9999999999994418,5,0,0.0,0,multimodal,4.0,True
hartmann6,batch4_refit,9,1.7914431443280272,0.0001950575971415,0.8119295856233414,0.8119091057337084,1.454525689842031,0.8119295856228881,-1,0,0.0,0,multimodal,4.0,True
hartmann6,batch4_refit,10,1.7914431443280272,0.0001950575971415,0.41884855836326584,0.8842841815551847,1.7914431443280272,0.9999999999994418,13,0,0.0,0,multimodal,4.0,True
hartmann6,batch4_refit,11,1.7914431443280272,0.0001950575971415,0.0893963570108011,0.8867353841733875,1.7914431443280272,0.9999999999994418,13,0,0.0,0,multimodal,4.0,True
hartmann6,batch4_refit,12,1.7914431443280272,0.0001950575971415,0.0893963570108011,0.6688514235897606,1.454525689842031,0.8119295856228881,-1,0,0.0,0,multimodal,4.0,True
hartmann6,batch4_refit,13,1.7914431443280272,0.0001950575971415,0.30705316798911725,0.6320897732323039,1.7914431443280272,0.9999999999994418,37,0,0.0,0,multimodal,4.0,True
hartmann6,batch4_refit,14,1.7914431443280272,0.0001950575971415,0.5277412980450483,0.6490861648037014,1.454525689842031,0.8119295856228881,-1,0,0.0,0,multimodal,4.0,True
hartmann6,batch4_refit,15,1.7914431443280272,0.0001950575971415,0.6605046370631522,0.6998424416512605,1.454525689842031,0.8119295856228881,-1,0,0.0,0,multimodal,4.0,True
hartmann6,batch4_refit,16,1.7914431443280272,0.0001950575971415,0.6565749876852086,0.7590827905502148,1.454525689842031,0.8119295856228881,-1,0,0.0,0,multimodal,4.0,True
hartmann6,batch4_refit,17,1.7914431443280272,0.0001950575971415,0.8613005066045224,0.9417398692395532,1.7914431443280272,0.9999999999994418,21,0,0.0,0,multimodal,4.0,True
hartmann6,batch4_refit,18,1.7914431443280272,0.0001950575971415,0.12304381533818813,0.5479118933771264,1.454525689842031,0.8119295856228881,-1,0,0.0,0,multimodal,4.0,True
hartmann6,batch4_refit,19,1.7914431443280272,0.0001950575971415,1.0,1.0,1.7914431443280272,0.9999999999994418,0,0,0.0,0,multimodal,4.0,True
hartmann6,batch8_joint,0,1.7914431443280272,0.0001950575971415,0.6051133527708046,0.8371292052688404,1.7914431443280272,0.9999999999994418,29,0,0.0,0,multimodal,8.0,False
hartmann6,batch8_joint,1,1.7914431443280272,0.0001950575971415,0.6565749876852086,0.9434594235210247,1.7914431443280272,0.9999999999994418,13,0,0.0,0,multimodal,8.0,False
hartmann6,batch8_joint,2,1.7914431443280272,0.0001950575971415,0.4753460434620039,0.9475288911375805,1.7914431443280272,0.9999999999994418,5,0,0.0,0,multimodal,8.0,False
hartmann6,batch8_joint,3,1.7914431443280272,0.0001950575971415,0.48122562128817803,0.8394665666367669,1.7914431443280272,0.9999999999994418,21,0,0.0,0,multimodal,8.0,False
hartmann6,batch8_joint,4,1.7914431443280272,0.0001950575971415,0.10777015419263257,0.7406702422914428,1.7914431443280272,0.9999999999994418,37,0,0.0,0,multimodal,8.0,False
hartmann6,batch8_joint,5,1.7914431443280272,0.0001950575971415,0.07995088424058891,0.745462465139651,1.7914431443280272,0.9999999999994418,21,0,0.0,0,multimodal,8.0,False
hartmann6,batch8_joint,6,1.7914431443280272,0.0001950575971415,0.12824218389169903,0.6281894779006242,1.454525689842031,0.8119295856228881,-1,0,0.0,0,multimodal,8.0,False
hartmann6,batch8_joint,7,1.7914431443280272,0.0001950575971415,0.3582180283520165,0.9358148141634366,1.7914431443280272,0.9999999999994418,5,0,0.0,0,multimodal,8.0,False
hartmann6,batch8_joint,8,1.7914431443280272,0.0001950575971415,0.08921943774938301,0.8545868526939888,1.7914431443280272,0.9999999999994418,13,0,0.0,0,multimodal,8.0,False
hartmann6,batch8_joint,9,1.7914431443280272,0.0001950575971415,0.8119295856233414,0.8988074888803683,1.7914431443280272,0.9999999999994418,29,0,0.0,0,multimodal,8.0,False
hartmann6,batch8_joint,10,1.7914431443280272,0.0001950575971415,0.41884855836326584,0.8821390339259952,1.7914431443280272,0.9999999999994418,13,0,0.0,0,multimodal,8.0,False
hartmann6,batch8_joint,11,1.7914431443280272,0.0001950575971415,0.0893963570108011,0.8867353841733875,1.7914431443280272,0.9999999999994418,13,0,0.0,0,multimodal,8.0,False
hartmann6,batch8_joint,12,1.7914431443280272,0.0001950575971415,0.0893963570108011,0.7340267084699506,1.7914431443280272,0.9999999999994418,37,0,0.0,0,multimodal,8.0,False
hartmann6,batch8_joint,13,1.7914431443280272,0.0001950575971415,0.30705316798911725,0.7089306380674373,1.7914431443280272,0.9999999999994418,21,0,0.0,0,multimodal,8.0,False
hartmann6,batch8_joint,14,1.7914431443280272,0.0001950575971415,0.5277412980450483,0.7897934676894853,1.7914431443280272,0.9999999999994418,29,0,0.0,0,multimodal,8.0,False
hartmann6,batch8_joint,15,1.7914431443280272,0.0001950575971415,0.6605046370631522,0.7240730717231412,1.454525689842031,0.8119295856228881,-1,0,0.0,0,multimodal,8.0,False
hartmann6,batch8_joint,16,1.7914431443280272,0.0001950575971415,0.6565749876852086,0.7715125117698604,1.454525689842031,0.8119295856228881,-1,0,0.0,0,multimodal,8.0,False
hartmann6,batch8_joint,17,1.7914431443280272,0.0001950575971415,0.8613005066045224,0.8973511981839748,1.7914431443280272,0.9999999999994418,37,0,0.0,0,multimodal,8.0,False
hartmann6,batch8_joint,18,1.7914431443280272,0.0001950575971415,0.12304381533818813,0.7919166596068038,1.7914431443280272,0.9999999999994418,37,0,0.0,0,multimodal,8.0,False
hartmann6,batch8_joint,19,1.7914431443280272,0.0001950575971415,1.0,1.0,1.7914431443280272,0.9999999999994418,0,0,0.0,0,multimodal,8.0,False
hartmann6,batch8_refit,0,1.7914431443280272,0.0001950575971415,0.6051133527708046,0.8672237483514471,1.7914431443280272,0.9999999999994418,21,0,0.0,0,multimodal,8.0,True
hartmann6,batch8_refit,1,1.7914431443280272,0.0001950575971415,0.6565749876852086,0.9434594235210247,1.7914431443280272,0.9999999999994418,13,0,0.0,0,multimodal,8.0,True
hartmann6,batch8_refit,2,1.7914431443280272,0.0001950575971415,0.4753460434620039,0.9475288911375805,1.7914431443280272,0.9999999999994418,5,0,0.0,0,multimodal,8.0,True
hartmann6,batch8_refit,3,1.7914431443280272,0.0001950575971415,0.48122562128817803,0.8394665666367669,1.7914431443280272,0.9999999999994418,21,0,0.0,0,multimodal,8.0,True
hartmann6,batch8_refit,4,1.7914431443280272,0.0001950575971415,0.10777015419263257,0.691766609782207,1.454525689842031,0.8119295856228881,-1,0,0.0,0,multimodal,8.0,True
hartmann6,batch8_refit,5,1.7914431443280272,0.0001950575971415,0.07995088424058891,0.7385668453486762,1.7914431443280272,0.9999999999994418,21,0,0.0,0,multimodal,8.0,True
hartmann6,batch8_refit,6,1.7914431443280272,0.0001950575971415,0.12824218389169903,0.8906203898723213,1.7914431443280272,0.9999999999994418,13,0,0.0,0,multimodal,8.0,True
hartmann6,batch8_refit,7,1.7914431443280272,0.0001950575971415,0.3582180283520165,0.828571950031143,1.7914431443280272,0.9999999999994418,29,0,0.0,0,multimodal,8.0,True
hartmann6,batch8_refit,8,1.7914431443280272,0.0001950575971415,0.08921943774938301,0.9089120258484762,1.7914431443280272,0.9999999999994418,5,0,0.0,0,multimodal,8.0,True
hartmann6,batch8_refit,9,1.7914431443280272,0.0001950575971415,0.8119295856233414,0.8687129457977616,1.7914431443280272,0.9999999999994418,37,0,0.0,0,multimodal,8.0,True
hartmann6,batch8_refit,10,1.7914431443280272,0.0001950575971415,0.41884855836326584,0.859944698398206,1.7914431443280272,0.9999999999994418,21,0,0.0,0,multimodal,8.0,True
hartmann6,batch8_refit,11,1.7914431443280272,0.0001950575971415,0.0893963570108011,0.9089297197011768,1.7914431443280272,0.9999999999994418,5,0,0.0,0,multimodal,8.0,True
hartmann6,batch8_refit,12,1.7914431443280272,0.0001950575971415,0.0893963570108011,0.706553714211231,1.454525689842031,0.8119295856228881,-1,0,0.0,0,multimodal,8.0,True
hartmann6,batch8_refit,13,1.7914431443280272,0.0001950575971415,0.30705316798911725,0.7089306380674373,1.7914431443280272,0.9999999999994418,21,0,0.0,0,multimodal,8.0,True
hartmann6,batch8_refit,14,1.7914431443280272,0.0001950575971415,0.5277412980450483,0.8930294936794538,1.7914431443280272,0.9999999999994418,13,0,0.0,0,multimodal,8.0,True
hartmann6,batch8_refit,15,1.7914431443280272,0.0001950575971415,0.6605046370631522,0.7240730717231412,1.454525689842031,0.8119295856228881,-1,0,0.0,0,multimodal,8.0,True
hartmann6,batch8_refit,16,1.7914431443280272,0.0001950575971415,0.6565749876852086,0.8990707524654462,1.7914431443280272,0.9999999999994418,29,0,0.0,0,multimodal,8.0,True
hartmann6,batch8_refit,17,1.7914431443280272,0.0001950575971415,0.8613005066045224,0.9639342047673425,1.7914431443280272,0.9999999999994418,13,0,0.0,0,multimodal,8.0,True
hartmann6,batch8_refit,18,1.7914431443280272,0.0001950575971415,0.12304381533818813,0.7161744102809966,1.7914431443280272,0.9999999999994418,29,0,0.0,0,multimodal,8.0,True
hartmann6,batch8_refit,19,1.7914431443280272,0.0001950575971415,1.0,1.0,1.7914431443280272,0.9999999999994418,0,0,0.0,0,multimodal,8.0,True
pareto_20210112,batch1_joint,0,6.114679357715656,-1.6910003165941683,0.19584878968100458,0.7014875348619372,6.114679357715656,0.9999999999998365,27,0,0.0,0,structured,1.0,False
pareto_20210112,batch1_joint,1,6.114679357715656,-1.6910003165941683,0.4115825569226108,0.7991437754815469,6.114679357715656,0.9999999999998365,21,0,0.0,0,structured,1.0,False
pareto_20210112,batch1_joint,2,6.114679357715656,-1.6910003165941683,0.057067065648016786,0.797881441506772,6.114679357715656,0.9999999999998365,10,0,0.0,0,structured,1.0,False
pareto_20210112,batch1_joint,3,6.114679357715656,-1.6910003165941683,0.5462879482906924,0.7766631065077525,6.114679357715656,0.9999999999998365,24,0,0.0,0,structured,1.0,False
pareto_20210112,batch1_joint,4,6.114679357715656,-1.6910003165941683,0.45221717849653986,0.8867863963118947,6.114679357715656,0.9999999999998365,10,0,0.0,0,structured,1.0,False
pareto_20210112,batch1_joint,5,6.114679357715656,-1.6910003165941683,0.45221717849653986,0.7460726957863595,6.114679357715656,0.9999999999998365,28,0,0.0,0,structured,1.0,False
pareto_20210112,batch1_joint,6,6.114679357715656,-1.6910003165941683,0.4115825569226108,0.7543347804820774,6.114679357715656,0.9999999999998365,28,0,0.0,0,structured,1.0,False
pareto_20210112,batch1_joint,7,6.114679357715656,-1.6910003165941683,0.8189965934075383,0.9330429775265426,6.114679357715656,0.9999999999998365,17,0,0.0,0,structured,1.0,False
pareto_20210112,batch1_joint,8,6.114679357715656,-1.6910003165941683,0.6356425741637254,0.8493595207184077,6.114679357715656,0.9999999999998365,19,0,0.0,0,structured,1.0,False
pareto_20210112,batch1_joint,9,6.114679357715656,-1.6910003165941683,-0.023234323203362002,0.5262464064049686,6.114679357715656,0.9999999999998365,35,0,0.0,0,structured,1.0,False
pareto_20210112,batch1_joint,10,6.114679357715656,-1.6910003165941683,0.03158159366629744,0.5485678147020354,3.8867505271241742,0.6356425741636214,-1,0,0.0,0,structured,1.0,False
pareto_20210112,batch1_joint,11,6.114679357715656,-1.6910003165941683,1.0,1.0,6.114679357715656,0.9999999999998365,0,0,0.0,0,structured,1.0,False
pareto_20210112,batch1_joint,12,6.114679357715656,-1.6910003165941683,1.0,1.0,6.114679357715656,0.9999999999998365,0,0,0.0,0,structured,1.0,False
pareto_20210112,batch1_joint,13,6.114679357715656,-1.6910003165941683,0.25146153966618423,0.8371174415853889,6.114679357715656,0.9999999999998365,10,0,0.0,0,structured,1.0,False
pareto_20210112,batch1_joint,14,6.114679357715656,-1.6910003165941683,0.07304071307402091,0.6974623158232315,6.114679357715656,0.9999999999998365,20,0,0.0,0,structured,1.0,False
pareto_20210112,batch1_joint,15,6.114679357715656,-1.6910003165941683,0.3758852792804206,0.6692487088010187,6.114679357715656,0.9999999999998365,34,0,0.0,0,structured,1.0,False
pareto_20210112,batch1_joint,16,6.114679357715656,-1.6910003165941683,0.45221717849653986,0.7143589106744455,6.114679357715656,0.9999999999998365,32,0,0.0,0,structured,1.0,False
pareto_20210112,batch1_joint,17,6.114679357715656,-1.6910003165941683,0.29067556891335994,0.8221968497862824,6.114679357715656,0.9999999999998365,12,0,0.0,0,structured,1.0,False
pareto_20210112,batch1_joint,18,6.114679357715656,-1.6910003165941683,0.19789332743827667,0.8384361856872302,6.114679357715656,0.9999999999998365,17,0,0.0,0,structured,1.0,False
pareto_20210112,batch1_joint,19,6.114679357715656,-1.6910003165941683,0.14877319700318745,0.5382461416747012,3.8867505271241742,0.6356425741636214,-1,0,0.0,0,structured,1.0,False
pareto_20210112,batch2_joint,0,6.114679357715656,-1.6910003165941683,0.19584878968100458,0.8538793540922113,6.114679357715656,0.9999999999998365,13,0,0.0,0,structured,2.0,False
pareto_20210112,batch2_joint,1,6.114679357715656,-1.6910003165941683,0.4115825569226108,0.7782963656327703,6.114679357715656,0.9999999999998365,23,0,0.0,0,structured,2.0,False
pareto_20210112,batch2_joint,2,6.114679357715656,-1.6910003165941683,0.057067065648016786,0.8603630009520781,6.114679357715656,0.9999999999998365,7,0,0.0,0,structured,2.0,False
pareto_20210112,batch2_joint,3,6.114679357715656,-1.6910003165941683,0.5462879482906924,0.9111447102401424,6.114679357715656,0.9999999999998365,9,0,0.0,0,structured,2.0,False
pareto_20210112,batch2_joint,4,6.114679357715656,-1.6910003165941683,0.45221717849653986,0.7421356005621612,6.114679357715656,0.9999999999998365,29,0,0.0,0,structured,2.0,False
pareto_20210112,batch2_joint,5,6.114679357715656,-1.6910003165941683,0.45221717849653986,0.7261701963470405,6.114679357715656,0.9999999999998365,29,0,0.0,0,structured,2.0,False
pareto_20210112,batch2_joint,6,6.114679357715656,-1.6910003165941683,0.4115825569226108,0.7615541323993145,6.114679357715656,0.9999999999998365,27,0,0.0,0,structured,2.0,False
pareto_20210112,batch2_joint,7,6.114679357715656,-1.6910003165941683,0.8189965934075383,0.9172883840033763,6.114679357715656,0.9999999999998365,21,0,0.0,0,structured,2.0,False
pareto_20210112,batch2_joint,8,6.114679357715656,-1.6910003165941683,0.6356425741637254,0.8493595207184077,6.114679357715656,0.9999999999998365,19,0,0.0,0,structured,2.0,False
pareto_20210112,batch2_joint,9,6.114679357715656,-1.6910003165941683,-0.023234323203362002,0.7004765331980137,6.114679357715656,0.9999999999998365,25,0,0.0,0,structured,2.0,False
pareto_20210112,batch2_joint,10,6.114679357715656,-1.6910003165941683,0.03158159366629744,0.6239671523645474,6.114679357715656,0.9999999999998365,29,0,0.0,0,structured,2.0,False
pareto_20210112,batch2_joint,11,6.114679357715656,-1.6910003165941683,1.0,1.0,6.114679357715656,0.9999999999998365,0,0,0.0,0,structured,2.0,False
pareto_20210112,batch2_joint,12,6.114679357715656,-1.6910003165941683,1.0,1.0,6.114679357715656,0.9999999999998365,0,0,0.0,0,structured,2.0,False
pareto_20210112,batch2_joint,13,6.114679357715656,-1.6910003165941683,0.25146153966618423,0.85340569742685,6.114679357715656,0.9999999999998365,9,0,0.0,0,structured,2.0,False
pareto_20210112,batch2_joint,14,6.114679357715656,-1.6910003165941683,0.07304071307402091,0.5336115555869643,3.8867505271241742,0.6356425741636214,-1,0,0.0,0,structured,2.0,False
pareto_20210112,batch2_joint,15,6.114679357715656,-1.6910003165941683,0.3758852792804206,0.7735271470926675,6.114679357715656,0.9999999999998365,25,0,0.0,0,structured,2.0,False
pareto_20210112,batch2_joint,16,6.114679357715656,-1.6910003165941683,0.45221717849653986,0.8931372327717073,6.114679357715656,0.9999999999998365,17,0,0.0,0,structured,2.0,False
pareto_20210112,batch2_joint,17,6.114679357715656,-1.6910003165941683,0.29067556891335994,0.6692651977416948,6.114679357715656,0.9999999999998365,27,0,0.0,0,structured,2.0,False
pareto_20210112,batch2_joint,18,6.114679357715656,-1.6910003165941683,0.19789332743827667,0.8936432006514826,6.114679357715656,0.9999999999998365,7,0,0.0,0,structured,2.0,False
pareto_20210112,batch2_joint,19,6.114679357715656,-1.6910003165941683,0.14877319700318745,0.5277109145429799,3.8867505271241742,0.6356425741636214,-1,0,0.0,0,structured,2.0,False
pareto_20210112,batch2_refit,0,6.114679357715656,-1.6910003165941683,0.19584878968100458,0.8538793540922113,6.114679357715656,0.9999999999998365,13,0,0.0,0,structured,2.0,True
pareto_20210112,batch2_refit,1,6.114679357715656,-1.6910003165941683,0.4115825569226108,0.7415920632280366,6.114679357715656,0.9999999999998365,27,0,0.0,0,structured,2.0,True
pareto_20210112,batch2_refit,2,6.114679357715656,-1.6910003165941683,0.057067065648016786,0.7834540098333954,6.114679357715656,0.9999999999998365,11,0,0.0,0,structured,2.0,True
pareto_20210112,batch2_refit,3,6.114679357715656,-1.6910003165941683,0.5462879482906924,0.9111447102401424,6.114679357715656,0.9999999999998365,9,0,0.0,0,structured,2.0,True
pareto_20210112,batch2_refit,4,6.114679357715656,-1.6910003165941683,0.45221717849653986,0.7304694183901274,6.114679357715656,0.9999999999998365,29,0,0.0,0,structured,2.0,True
pareto_20210112,batch2_refit,5,6.114679357715656,-1.6910003165941683,0.45221717849653986,0.7261701963470405,6.114679357715656,0.9999999999998365,29,0,0.0,0,structured,2.0,True
pareto_20210112,batch2_refit,6,6.114679357715656,-1.6910003165941683,0.4115825569226108,0.7093601073368132,5.007901563748517,0.8189965934074044,-1,0,0.0,0,structured,2.0,True
pareto_20210112,batch2_refit,7,6.114679357715656,-1.6910003165941683,0.8189965934075383,0.9172883840033763,6.114679357715656,0.9999999999998365,21,0,0.0,0,structured,2.0,True
pareto_20210112,batch2_refit,8,6.114679357715656,-1.6910003165941683,0.6356425741637254,0.8335026281624506,6.114679357715656,0.9999999999998365,21,0,0.0,0,structured,2.0,True
pareto_20210112,batch2_refit,9,6.114679357715656,-1.6910003165941683,-0.023234323203362002,0.6623019780793413,6.114679357715656,0.9999999999998365,29,0,0.0,0,structured,2.0,True
pareto_20210112,batch2_refit,10,6.114679357715656,-1.6910003165941683,0.03158159366629744,0.6696492717206117,6.114679357715656,0.9999999999998365,29,0,0.0,0,structured,2.0,True
pareto_20210112,batch2_refit,11,6.114679357715656,-1.6910003165941683,1.0,1.0,6.114679357715656,0.9999999999998365,0,0,0.0,0,structured,2.0,True
pareto_20210112,batch2_refit,12,6.114679357715656,-1.6910003165941683,1.0,1.0,6.114679357715656,0.9999999999998365,0,0,0.0,0,structured,2.0,True
pareto_20210112,batch2_refit,13,6.114679357715656,-1.6910003165941683,0.25146153966618423,0.85340569742685,6.114679357715656,0.9999999999998365,9,0,0.0,0,structured,2.0,True
pareto_20210112,batch2_refit,14,6.114679357715656,-1.6910003165941683,0.07304071307402091,0.858805050453456,6.114679357715656,0.9999999999998365,7,0,0.0,0,structured,2.0,True
pareto_20210112,batch2_refit,15,6.114679357715656,-1.6910003165941683,0.3758852792804206,0.7735271470926675,6.114679357715656,0.9999999999998365,25,0,0.0,0,structured,2.0,True
pareto_20210112,batch2_refit,16,6.114679357715656,-1.6910003165941683,0.45221717849653986,0.6816459593234919,3.8867505271241742,0.6356425741636214,-1,0,0.0,0,structured,2.0,True
pareto_20210112,batch2_refit,17,6.114679357715656,-1.6910003165941683,0.29067556891335994,0.6151652367555622,5.007901563748517,0.8189965934074044,-1,0,0.0,0,structured,2.0,True
pareto_20210112,batch2_refit,18,6.114679357715656,-1.6910003165941683,0.19789332743827667,0.7956510802099745,6.114679357715656,0.9999999999998365,21,0,0.0,0,structured,2.0,True
pareto_20210112,batch2_refit,19,6.114679357715656,-1.6910003165941683,0.14877319700318745,0.6608861437250794,6.114679357715656,0.9999999999998365,27,0,0.0,0,structured,2.0,True
pareto_20210112,batch4_joint,0,6.114679357715656,-1.6910003165941683,0.19584878968100458,0.8110052700097596,6.114679357715656,0.9999999999998365,17,0,0.0,0,structured,4.0,False
pareto_20210112,batch4_joint,1,6.114679357715656,-1.6910003165941683,0.4115825569226108,0.809124810067186,6.114679357715656,0.9999999999998365,21,0,0.0,0,structured,4.0,False
pareto_20210112,batch4_joint,2,6.114679357715656,-1.6910003165941683,0.057067065648016786,0.7802514905751254,6.114679357715656,0.9999999999998365,17,0,0.0,0,structured,4.0,False
pareto_20210112,batch4_joint,3,6.114679357715656,-1.6910003165941683,0.5462879482906924,0.9506359501334125,6.114679357715656,0.9999999999998365,5,0,0.0,0,structured,4.0,False
pareto_20210112,batch4_joint,4,6.114679357715656,-1.6910003165941683,0.45221717849653986,0.7818320877816356,6.114679357715656,0.9999999999998365,25,0,0.0,0,structured,4.0,False
pareto_20210112,batch4_joint,5,6.114679357715656,-1.6910003165941683,0.45221717849653986,0.8037632237471193,6.114679357715656,0.9999999999998365,25,0,0.0,0,structured,4.0,False
pareto_20210112,batch4_joint,6,6.114679357715656,-1.6910003165941683,0.4115825569226108,0.809124810067186,6.114679357715656,0.9999999999998365,21,0,0.0,0,structured,4.0,False
pareto_20210112,batch4_joint,7,6.114679357715656,-1.6910003165941683,0.8189965934075383,0.9330429775265426,6.114679357715656,0.9999999999998365,17,0,0.0,0,structured,4.0,False
pareto_20210112,batch4_joint,8,6.114679357715656,-1.6910003165941683,0.6356425741637254,0.8969301983862787,6.114679357715656,0.9999999999998365,13,0,0.0,0,structured,4.0,False
pareto_20210112,batch4_joint,9,6.114679357715656,-1.6910003165941683,-0.023234323203362002,0.6122961046374615,3.8867505271241742,0.6356425741636214,-1,0,0.0,0,structured,4.0,False
pareto_20210112,batch4_joint,10,6.114679357715656,-1.6910003165941683,0.03158159366629744,0.6467488986271724,6.114679357715656,0.9999999999998365,29,0,0.0,0,structured,4.0,False
pareto_20210112,batch4_joint,11,6.114679357715656,-1.6910003165941683,1.0,1.0,6.114679357715656,0.9999999999998365,0,0,0.0,0,structured,4.0,False
pareto_20210112,batch4_joint,12,6.114679357715656,-1.6910003165941683,1.0,1.0,6.114679357715656,0.9999999999998365,0,0,0.0,0,structured,4.0,False
pareto_20210112,batch4_joint,13,6.114679357715656,-1.6910003165941683,0.25146153966618423,0.9185587207926945,6.114679357715656,0.9999999999998365,5,0,0.0,0,structured,4.0,False
pareto_20210112,batch4_joint,14,6.114679357715656,-1.6910003165941683,0.07304071307402091,0.8991464646096115,6.114679357715656,0.9999999999998365,5,0,0.0,0,structured,4.0,False
pareto_20210112,batch4_joint,15,6.114679357715656,-1.6910003165941683,0.3758852792804206,0.7418133619807533,6.114679357715656,0.9999999999998365,29,0,0.0,0,structured,4.0,False
pareto_20210112,batch4_joint,16,6.114679357715656,-1.6910003165941683,0.45221717849653986,0.8773826392485409,6.114679357715656,0.9999999999998365,21,0,0.0,0,structured,4.0,False
pareto_20210112,batch4_joint,17,6.114679357715656,-1.6910003165941683,0.29067556891335994,0.8067622588280278,6.114679357715656,0.9999999999998365,13,0,0.0,0,structured,4.0,False
pareto_20210112,batch4_joint,18,6.114679357715656,-1.6910003165941683,0.19789332743827667,0.8745559230921464,6.114679357715656,0.9999999999998365,9,0,0.0,0,structured,4.0,False
pareto_20210112,batch4_joint,19,6.114679357715656,-1.6910003165941683,0.14877319700318745,0.6436163949378365,6.114679357715656,0.9999999999998365,29,0,0.0,0,structured,4.0,False
pareto_20210112,batch4_refit,0,6.114679357715656,-1.6910003165941683,0.19584878968100458,0.8267598635329261,6.114679357715656,0.9999999999998365,13,0,0.0,0,structured,4.0,True
pareto_20210112,batch4_refit,1,6.114679357715656,-1.6910003165941683,0.4115825569226108,0.830857560593461,6.114679357715656,0.9999999999998365,17,0,0.0,0,structured,4.0,True
pareto_20210112,batch4_refit,2,6.114679357715656,-1.6910003165941683,0.057067065648016786,0.816725697168027,6.114679357715656,0.9999999999998365,9,0,0.0,0,structured,4.0,True
pareto_20210112,batch4_refit,3,6.114679357715656,-1.6910003165941683,0.5462879482906924,0.7842895697924858,6.114679357715656,0.9999999999998365,25,0,0.0,0,structured,4.0,True
pareto_20210112,batch4_refit,4,6.114679357715656,-1.6910003165941683,0.45221717849653986,0.7975804686784292,6.114679357715656,0.9999999999998365,21,0,0.0,0,structured,4.0,True
pareto_20210112,batch4_refit,5,6.114679357715656,-1.6910003165941683,0.45221717849653986,0.8137442583327583,6.114679357715656,0.9999999999998365,25,0,0.0,0,structured,4.0,True
pareto_20210112,batch4_refit,6,6.114679357715656,-1.6910003165941683,0.4115825569226108,0.7616502188057324,6.114679357715656,0.9999999999998365,29,0,0.0,0,structured,4.0,True
pareto_20210112,batch4_refit,7,6.114679357715656,-1.6910003165941683,0.8189965934075383,0.9330429775265426,6.114679357715656,0.9999999999998365,17,0,0.0,0,structured,4.0,True
pareto_20210112,batch4_refit,8,6.114679357715656,-1.6910003165941683,0.6356425741637254,0.7145759339927724,3.8867505271241742,0.6356425741636214,-1,0,0.0,0,structured,4.0,True
pareto_20210112,batch4_refit,9,6.114679357715656,-1.6910003165941683,-0.023234323203362002,0.7159115513003673,6.114679357715656,0.9999999999998365,21,0,0.0,0,structured,4.0,True
pareto_20210112,batch4_refit,10,6.114679357715656,-1.6910003165941683,0.03158159366629744,0.6927416383460215,5.007901563748517,0.8189965934074044,-1,0,0.0,0,structured,4.0,True
pareto_20210112,batch4_refit,11,6.114679357715656,-1.6910003165941683,1.0,1.0,6.114679357715656,0.9999999999998365,0,0,0.0,0,structured,4.0,True
pareto_20210112,batch4_refit,12,6.114679357715656,-1.6910003165941683,1.0,1.0,6.114679357715656,0.9999999999998365,0,0,0.0,0,structured,4.0,True
pareto_20210112,batch4_refit,13,6.114679357715656,-1.6910003165941683,0.25146153966618423,0.85340569742685,6.114679357715656,0.9999999999998365,9,0,0.0,0,structured,4.0,True
pareto_20210112,batch4_refit,14,6.114679357715656,-1.6910003165941683,0.07304071307402091,0.8108574881832509,6.114679357715656,0.9999999999998365,13,0,0.0,0,structured,4.0,True
pareto_20210112,batch4_refit,15,6.114679357715656,-1.6910003165941683,0.3758852792804206,0.714242823315212,5.007901563748517,0.8189965934074044,-1,0,0.0,0,structured,4.0,True
pareto_20210112,batch4_refit,16,6.114679357715656,-1.6910003165941683,0.45221717849653986,0.7580892287851592,6.114679357715656,0.9999999999998365,25,0,0.0,0,structured,4.0,True
pareto_20210112,batch4_refit,17,6.114679357715656,-1.6910003165941683,0.29067556891335994,0.8067622588280278,6.114679357715656,0.9999999999998365,13,0,0.0,0,structured,4.0,True
pareto_20210112,batch4_refit,18,6.114679357715656,-1.6910003165941683,0.19789332743827667,0.8429148607794739,6.114679357715656,0.9999999999998365,9,0,0.0,0,structured,4.0,True
pareto_20210112,batch4_refit,19,6.114679357715656,-1.6910003165941683,0.14877319700318745,0.6599617359951423,6.114679357715656,0.9999999999998365,25,0,0.0,0,structured,4.0,True
pareto_20210112,batch8_joint,0,6.114679357715656,-1.6910003165941683,0.19584878968100458,0.8494896576051636,6.114679357715656,0.9999999999998365,21,0,0.0,0,structured,8.0,False
pareto_20210112,batch8_joint,1,6.114679357715656,-1.6910003165941683,0.4115825569226108,0.6901981158975077,3.8867505271241742,0.6356425741636214,-1,0,0.0,0,structured,8.0,False
pareto_20210112,batch8_joint,2,6.114679357715656,-1.6910003165941683,0.057067065648016786,0.8184260456937978,6.114679357715656,0.9999999999998365,13,0,0.0,0,structured,8.0,False
pareto_20210112,batch8_joint,3,6.114679357715656,-1.6910003165941683,0.5462879482906924,0.9506359501334125,6.114679357715656,0.9999999999998365,5,0,0.0,0,structured,8.0,False
pareto_20210112,batch8_joint,4,6.114679357715656,-1.6910003165941683,0.45221717849653986,0.6946191787238717,3.8867505271241742,0.6356425741636214,-1,0,0.0,0,structured,8.0,False
pareto_20210112,batch8_joint,5,6.114679357715656,-1.6910003165941683,0.45221717849653986,0.8135334476408042,6.114679357715656,0.9999999999998365,21,0,0.0,0,structured,8.0,False
pareto_20210112,batch8_joint,6,6.114679357715656,-1.6910003165941683,0.4115825569226108,0.809124810067186,6.114679357715656,0.9999999999998365,21,0,0.0,0,structured,8.0,False
pareto_20210112,batch8_joint,7,6.114679357715656,-1.6910003165941683,0.8189965934075383,0.8582086582915023,5.007901563748517,0.8189965934074044,-1,0,0.0,0,structured,8.0,False
pareto_20210112,batch8_joint,8,6.114679357715656,-1.6910003165941683,0.6356425741637254,0.8969301983862787,6.114679357715656,0.9999999999998365,13,0,0.0,0,structured,8.0,False
pareto_20210112,batch8_joint,9,6.114679357715656,-1.6910003165941683,-0.023234323203362002,0.6956507108216826,5.007901563748517,0.8189965934074044,-1,0,0.0,0,structured,8.0,False
pareto_20210112,batch8_joint,10,6.114679357715656,-1.6910003165941683,0.03158159366629744,0.6332989519142536,3.8867505271241742,0.6356425741636214,-1,0,0.0,0,structured,8.0,False
pareto_20210112,batch8_joint,11,6.114679357715656,-1.6910003165941683,1.0,1.0,6.114679357715656,0.9999999999998365,0,0,0.0,0,structured,8.0,False
pareto_20210112,batch8_joint,12,6.114679357715656,-1.6910003165941683,1.0,1.0,6.114679357715656,0.9999999999998365,0,0,0.0,0,structured,8.0,False
pareto_20210112,batch8_joint,13,6.114679357715656,-1.6910003165941683,0.25146153966618423,0.9185587207926945,6.114679357715656,0.9999999999998365,5,0,0.0,0,structured,8.0,False
pareto_20210112,batch8_joint,14,6.114679357715656,-1.6910003165941683,0.07304071307402091,0.8991464646096115,6.114679357715656,0.9999999999998365,5,0,0.0,0,structured,8.0,False
pareto_20210112,batch8_joint,15,6.114679357715656,-1.6910003165941683,0.3758852792804206,0.6863142380349037,3.8867505271241742,0.6356425741636214,-1,0,0.0,0,structured,8.0,False
pareto_20210112,batch8_joint,16,6.114679357715656,-1.6910003165941683,0.45221717849653986,0.8773826392485409,6.114679357715656,0.9999999999998365,21,0,0.0,0,structured,8.0,False
pareto_20210112,batch8_joint,17,6.114679357715656,-1.6910003165941683,0.29067556891335994,0.8464761123772313,6.114679357715656,0.9999999999998365,13,0,0.0,0,structured,8.0,False
pareto_20210112,batch8_joint,18,6.114679357715656,-1.6910003165941683,0.19789332743827667,0.836381367973474,6.114679357715656,0.9999999999998365,13,0,0.0,0,structured,8.0,False
pareto_20210112,batch8_joint,19,6.114679357715656,-1.6910003165941683,0.14877319700318745,0.8284037088928105,6.114679357715656,0.9999999999998365,13,0,0.0,0,structured,8.0,False
pareto_20210112,batch8_refit,0,6.114679357715656,-1.6910003165941683,0.19584878968100458,0.7455700087022774,5.007901563748517,0.8189965934074044,-1,0,0.0,0,structured,8.0,True
pareto_20210112,batch8_refit,1,6.114679357715656,-1.6910003165941683,0.4115825569226108,0.8725523802910141,6.114679357715656,0.9999999999998365,13,0,0.0,0,structured,8.0,True
pareto_20210112,batch8_refit,2,6.114679357715656,-1.6910003165941683,0.057067065648016786,0.8974085254803378,6.114679357715656,0.9999999999998365,5,0,0.0,0,structured,8.0,True
pareto_20210112,batch8_refit,3,6.114679357715656,-1.6910003165941683,0.5462879482906924,0.9506359501334125,6.114679357715656,0.9999999999998365,5,0,0.0,0,structured,8.0,True
pareto_20210112,batch8_refit,4,6.114679357715656,-1.6910003165941683,0.45221717849653986,0.8769734431173782,6.114679357715656,0.9999999999998365,13,0,0.0,0,structured,8.0,True
pareto_20210112,batch8_refit,5,6.114679357715656,-1.6910003165941683,0.45221717849653986,0.7544661471816758,5.007901563748517,0.8189965934074044,-1,0,0.0,0,structured,8.0,True
pareto_20210112,batch8_refit,6,6.114679357715656,-1.6910003165941683,0.4115825569226108,0.809124810067186,6.114679357715656,0.9999999999998365,21,0,0.0,0,structured,8.0,True
pareto_20210112,batch8_refit,7,6.114679357715656,-1.6910003165941683,0.8189965934075383,0.8582086582915023,5.007901563748517,0.8189965934074044,-1,0,0.0,0,structured,8.0,True
pareto_20210112,batch8_refit,8,6.114679357715656,-1.6910003165941683,0.6356425741637254,0.7744229024505765,5.007901563748517,0.8189965934074044,-1,0,0.0,0,structured,8.0,True
pareto_20210112,batch8_refit,9,6.114679357715656,-1.6910003165941683,-0.023234323203362002,0.6428898681388066,3.8867505271241742,0.6356425741636214,-1,0,0.0,0,structured,8.0,True
pareto_20210112,batch8_refit,10,6.114679357715656,-1.6910003165941683,0.03158159366629744,0.6488538614769652,3.8867505271241742,0.6356425741636214,-1,0,0.0,0,structured,8.0,True
pareto_20210112,batch8_refit,11,6.114679357715656,-1.6910003165941683,1.0,1.0,6.114679357715656,0.9999999999998365,0,0,0.0,0,structured,8.0,True
pareto_20210112,batch8_refit,12,6.114679357715656,-1.6910003165941683,1.0,1.0,6.114679357715656,0.9999999999998365,0,0,0.0,0,structured,8.0,True
pareto_20210112,batch8_refit,13,6.114679357715656,-1.6910003165941683,0.25146153966618423,0.9185587207926945,6.114679357715656,0.9999999999998365,5,0,0.0,0,structured,8.0,True
pareto_20210112,batch8_refit,14,6.114679357715656,-1.6910003165941683,0.07304071307402091,0.7595152297469215,6.114679357715656,0.9999999999998365,13,0,0.0,0,structured,8.0,True
pareto_20210112,batch8_refit,15,6.114679357715656,-1.6910003165941683,0.3758852792804206,0.7780795896702032,5.007901563748517,0.8189965934074044,-1,0,0.0,0,structured,8.0,True
pareto_20210112,batch8_refit,16,6.114679357715656,-1.6910003165941683,0.45221717849653986,0.6471334607309187,3.8867505271241742,0.6356425741636214,-1,0,0.0,0,structured,8.0,True
pareto_20210112,batch8_refit,17,6.114679357715656,-1.6910003165941683,0.29067556891335994,0.7507513686343291,6.114679357715656,0.9999999999998365,21,0,0.0,0,structured,8.0,True
pareto_20210112,batch8_refit,18,6.114679357715656,-1.6910003165941683,0.19789332743827667,0.9127304782108188,6.114679357715656,0.9999999999998365,5,0,0.0,0,structured,8.0,True
pareto_20210112,batch8_refit,19,6.114679357715656,-1.6910003165941683,0.14877319700318745,0.6903415033943963,5.007901563748517,0.8189965934074044,-1,0,0.0,0,structured,8.0,True
pareto_20201218,batch1_joint,0,5.44426438452636,-1.9304201262287157,0.39832550833358316,0.6331009139615597,3.31642191643393,0.6091588655869149,-1,0,0.0,0,flat,1.0,False
pareto_20201218,batch1_joint,1,5.44426438452636,-1.9304201262287157,-0.14795900137072068,0.5712639883512852,3.31642191643393,0.6091588655869149,-1,0,0.0,0,flat,1.0,False
pareto_20201218,batch1_joint,2,5.44426438452636,-1.9304201262287157,1.0,1.0,5.44426438452636,0.9999999999998163,0,0,0.0,0,flat,1.0,False
pareto_20201218,batch1_joint,3,5.44426438452636,-1.9304201262287157,0.37159487618626297,0.6576788964512491,3.31642191643393,0.6091588655869149,-1,0,0.0,0,flat,1.0,False
pareto_20201218,batch1_joint,4,5.44426438452636,-1.9304201262287157,0.6052342266545373,0.7092031183760583,3.31642191643393,0.6091588655869149,-1,0,0.0,0,flat,1.0,False
pareto_20201218,batch1_joint,5,5.44426438452636,-1.9304201262287157,0.15697287069571897,0.6383326401917336,3.31642191643393,0.6091588655869149,-1,0,0.0,0,flat,1.0,False
pareto_20201218,batch1_joint,6,5.44426438452636,-1.9304201262287157,0.39832550833358316,0.6766044382090473,3.31642191643393,0.6091588655869149,-1,0,0.0,0,flat,1.0,False
pareto_20201218,batch1_joint,7,5.44426438452636,-1.9304201262287157,0.6091588655870268,0.7204833118002107,5.44426438452636,0.9999999999998163,31,0,0.0,0,flat,1.0,False
pareto_20201218,batch1_joint,8,5.44426438452636,-1.9304201262287157,0.37159487618626297,0.635375033440411,3.31642191643393,0.6091588655869149,-1,0,0.0,0,flat,1.0,False
pareto_20201218,batch1_joint,9,5.44426438452636,-1.9304201262287157,0.14231863694654603,0.6358580585087941,3.31642191643393,0.6091588655869149,-1,0,0.0,0,flat,1.0,False
pareto_20201218,batch1_joint,10,5.44426438452636,-1.9304201262287157,0.16862640616095434,0.6494749699925612,3.31642191643393,0.6091588655869149,-1,0,0.0,0,flat,1.0,False
pareto_20201218,batch1_joint,11,5.44426438452636,-1.9304201262287157,0.37159487618626297,0.651336256172733,3.31642191643393,0.6091588655869149,-1,0,0.0,0,flat,1.0,False
pareto_20201218,batch1_joint,12,5.44426438452636,-1.9304201262287157,0.6052342266545373,0.7098369056736616,3.31642191643393,0.6091588655869149,-1,0,0.0,0,flat,1.0,False
pareto_20201218,batch1_joint,13,5.44426438452636,-1.9304201262287157,0.03707029581911419,0.6295441460324501,3.31642191643393,0.6091588655869149,-1,0,0.0,0,flat,1.0,False
pareto_20201218,batch1_joint,14,5.44426438452636,-1.9304201262287157,0.37159487618626297,0.6195355218625436,5.44426438452636,0.9999999999998163,27,0,0.0,0,flat,1.0,False
pareto_20201218,batch1_joint,15,5.44426438452636,-1.9304201262287157,0.20270980841072048,0.557152963362878,3.31642191643393,0.6091588655869149,-1,0,0.0,0,flat,1.0,False
pareto_20201218,batch1_joint,16,5.44426438452636,-1.9304201262287157,0.46210013501391495,0.6843255983329808,3.31642191643393,0.6091588655869149,-1,0,0.0,0,flat,1.0,False
pareto_20201218,batch1_joint,17,5.44426438452636,-1.9304201262287157,0.006682810262795429,0.6153382308628151,3.31642191643393,0.6091588655869149,-1,0,0.0,0,flat,1.0,False
pareto_20201218,batch1_joint,18,5.44426438452636,-1.9304201262287157,0.37159487618626297,0.8550275426340442,5.44426438452636,0.9999999999998163,10,0,0.0,0,flat,1.0,False
pareto_20201218,batch1_joint,19,5.44426438452636,-1.9304201262287157,0.15697287069571897,0.5908432592160275,3.31642191643393,0.6091588655869149,-1,0,0.0,0,flat,1.0,False
pareto_20201218,batch2_joint,0,5.44426438452636,-1.9304201262287157,0.39832550833358316,0.6381459013104815,3.31642191643393,0.6091588655869149,-1,0,0.0,0,flat,2.0,False
pareto_20201218,batch2_joint,1,5.44426438452636,-1.9304201262287157,-0.14795900137072068,0.624133462762747,3.31642191643393,0.6091588655869149,-1,0,0.0,0,flat,2.0,False
pareto_20201218,batch2_joint,2,5.44426438452636,-1.9304201262287157,1.0,1.0,5.44426438452636,0.9999999999998163,0,0,0.0,0,flat,2.0,False
pareto_20201218,batch2_joint,3,5.44426438452636,-1.9304201262287157,0.37159487618626297,0.6336481074455148,3.31642191643393,0.6091588655869149,-1,0,0.0,0,flat,2.0,False
pareto_20201218,batch2_joint,4,5.44426438452636,-1.9304201262287157,0.6052342266545373,0.7092031183760583,3.31642191643393,0.6091588655869149,-1,0,0.0,0,flat,2.0,False
pareto_20201218,batch2_joint,5,5.44426438452636,-1.9304201262287157,0.15697287069571897,0.6175796579337633,3.31642191643393,0.6091588655869149,-1,0,0.0,0,flat,2.0,False
pareto_20201218,batch2_joint,6,5.44426438452636,-1.9304201262287157,0.39832550833358316,0.687147118119465,3.31642191643393,0.6091588655869149,-1,0,0.0,0,flat,2.0,False
pareto_20201218,batch2_joint,7,5.44426438452636,-1.9304201262287157,0.6091588655870268,0.7385166465227778,5.44426438452636,0.9999999999998163,29,0,0.0,0,flat,2.0,False
pareto_20201218,batch2_joint,8,5.44426438452636,-1.9304201262287157,0.37159487618626297,0.6318039138326563,3.31642191643393,0.6091588655869149,-1,0,0.0,0,flat,2.0,False
pareto_20201218,batch2_joint,9,5.44426438452636,-1.9304201262287157,0.14231863694654603,0.6452116193556046,5.44426438452636,0.9999999999998163,19,0,0.0,0,flat,2.0,False
pareto_20201218,batch2_joint,10,5.44426438452636,-1.9304201262287157,0.16862640616095434,0.6509236266727972,3.31642191643393,0.6091588655869149,-1,0,0.0,0,flat,2.0,False
pareto_20201218,batch2_joint,11,5.44426438452636,-1.9304201262287157,0.37159487618626297,0.6621414390611189,3.31642191643393,0.6091588655869149,-1,0,0.0,0,flat,2.0,False
pareto_20201218,batch2_joint,12,5.44426438452636,-1.9304201262287157,0.6052342266545373,0.7095652825461174,3.31642191643393,0.6091588655869149,-1,0,0.0,0,flat,2.0,False
pareto_20201218,batch2_joint,13,5.44426438452636,-1.9304201262287157,0.03707029581911419,0.8889265219238143,5.44426438452636,0.9999999999998163,5,0,0.0,0,flat,2.0,False
pareto_20201218,batch2_joint,14,5.44426438452636,-1.9304201262287157,0.37159487618626297,0.8405302968974486,5.44426438452636,0.9999999999998163,11,0,0.0,0,flat,2.0,False
pareto_20201218,batch2_joint,15,5.44426438452636,-1.9304201262287157,0.20270980841072048,0.7736134145471245,5.44426438452636,0.9999999999998163,13,0,0.0,0,flat,2.0,False
pareto_20201218,batch2_joint,16,5.44426438452636,-1.9304201262287157,0.46210013501391495,0.6741477060432508,3.31642191643393,0.6091588655869149,-1,0,0.0,0,flat,2.0,False
pareto_20201218,batch2_joint,17,5.44426438452636,-1.9304201262287157,0.006682810262795429,0.631338100377848,3.31642191643393,0.6091588655869149,-1,0,0.0,0,flat,2.0,False
pareto_20201218,batch2_joint,18,5.44426438452636,-1.9304201262287157,0.37159487618626297,0.898519279843831,5.44426438452636,0.9999999999998163,7,0,0.0,0,flat,2.0,False
pareto_20201218,batch2_joint,19,5.44426438452636,-1.9304201262287157,0.15697287069571897,0.9027572262462691,5.44426438452636,0.9999999999998163,5,0,0.0,0,flat,2.0,False
pareto_20201218,batch2_refit,0,5.44426438452636,-1.9304201262287157,0.39832550833358316,0.6249375424275674,3.31642191643393,0.6091588655869149,-1,0,0.0,0,flat,2.0,True
pareto_20201218,batch2_refit,1,5.44426438452636,-1.9304201262287157,-0.14795900137072068,0.624133462762747,3.31642191643393,0.6091588655869149,-1,0,0.0,0,flat,2.0,True
pareto_20201218,batch2_refit,2,5.44426438452636,-1.9304201262287157,1.0,1.0,5.44426438452636,0.9999999999998163,0,0,0.0,0,flat,2.0,True
pareto_20201218,batch2_refit,3,5.44426438452636,-1.9304201262287157,0.37159487618626297,0.662288292773781,3.31642191643393,0.6091588655869149,-1,0,0.0,0,flat,2.0,True
pareto_20201218,batch2_refit,4,5.44426438452636,-1.9304201262287157,0.6052342266545373,0.7092031183760583,3.31642191643393,0.6091588655869149,-1,0,0.0,0,flat,2.0,True
pareto_20201218,batch2_refit,5,5.44426438452636,-1.9304201262287157,0.15697287069571897,0.6184445654020304,3.31642191643393,0.6091588655869149,-1,0,0.0,0,flat,2.0,True
pareto_20201218,batch2_refit,6,5.44426438452636,-1.9304201262287157,0.39832550833358316,0.687147118119465,3.31642191643393,0.6091588655869149,-1,0,0.0,0,flat,2.0,True
pareto_20201218,batch2_refit,7,5.44426438452636,-1.9304201262287157,0.6091588655870268,0.7114666444389273,3.31642191643393,0.6091588655869149,-1,0,0.0,0,flat,2.0,True
pareto_20201218,batch2_refit,8,5.44426438452636,-1.9304201262287157,0.37159487618626297,0.6224832916802944,3.31642191643393,0.6091588655869149,-1,0,0.0,0,flat,2.0,True
pareto_20201218,batch2_refit,9,5.44426438452636,-1.9304201262287157,0.14231863694654603,0.6124652587583038,3.31642191643393,0.6091588655869149,-1,0,0.0,0,flat,2.0,True
pareto_20201218,batch2_refit,10,5.44426438452636,-1.9304201262287157,0.16862640616095434,0.6391133721671731,3.295055144471652,0.6052342266544262,-1,0,0.0,0,flat,2.0,True
pareto_20201218,batch2_refit,11,5.44426438452636,-1.9304201262287157,0.37159487618626297,0.5905052318535697,3.31642191643393,0.6091588655869149,-1,0,0.0,0,flat,2.0,True
pareto_20201218,batch2_refit,12,5.44426438452636,-1.9304201262287157,0.6052342266545373,0.7095652825461174,3.31642191643393,0.6091588655869149,-1,0,0.0,0,flat,2.0,True
pareto_20201218,batch2_refit,13,5.44426438452636,-1.9304201262287157,0.03707029581911419,0.6447521748290411,3.31642191643393,0.6091588655869149,-1,0,0.0,0,flat,2.0,True
pareto_20201218,batch2_refit,14,5.44426438452636,-1.9304201262287157,0.37159487618626297,0.7535468224778752,5.44426438452636,0.9999999999998163,17,0,0.0,0,flat,2.0,True
pareto_20201218,batch2_refit,15,5.44426438452636,-1.9304201262287157,0.20270980841072048,0.4995758678186622,2.053312987972297,0.37715159348392924,-1,0,0.0,0,flat,2.0,True
pareto_20201218,batch2_refit,16,5.44426438452636,-1.9304201262287157,0.46210013501391495,0.6741477060432508,3.31642191643393,0.6091588655869149,-1,0,0.0,0,flat,2.0,True
pareto_20201218,batch2_refit,17,5.44426438452636,-1.9304201262287157,0.006682810262795429,0.5838422158972651,3.31642191643393,0.6091588655869149,-1,0,0.0,0,flat,2.0,True
pareto_20201218,batch2_refit,18,5.44426438452636,-1.9304201262287157,0.37159487618626297,0.898519279843831,5.44426438452636,0.9999999999998163,7,0,0.0,0,flat,2.0,True
pareto_20201218,batch2_refit,19,5.44426438452636,-1.9304201262287157,0.15697287069571897,0.9027572262462691,5.44426438452636,0.9999999999998163,5,0,0.0,0,flat,2.0,True
pareto_20201218,batch4_joint,0,5.44426438452636,-1.9304201262287157,0.39832550833358316,0.6483151285860569,3.31642191643393,0.6091588655869149,-1,0,0.0,0,flat,4.0,False
pareto_20201218,batch4_joint,1,5.44426438452636,-1.9304201262287157,-0.14795900137072068,0.624133462762747,3.31642191643393,0.6091588655869149,-1,0,0.0,0,flat,4.0,False
pareto_20201218,batch4_joint,2,5.44426438452636,-1.9304201262287157,1.0,1.0,5.44426438452636,0.9999999999998163,0,0,0.0,0,flat,4.0,False
pareto_20201218,batch4_joint,3,5.44426438452636,-1.9304201262287157,0.37159487618626297,0.8695247883706398,5.44426438452636,0.9999999999998163,9,0,0.0,0,flat,4.0,False
pareto_20201218,batch4_joint,4,5.44426438452636,-1.9304201262287157,0.6052342266545373,0.9544639579810086,5.44426438452636,0.9999999999998163,5,0,0.0,0,flat,4.0,False
pareto_20201218,batch4_joint,5,5.44426438452636,-1.9304201262287157,0.15697287069571897,0.5758521083759127,3.31642191643393,0.6091588655869149,-1,0,0.0,0,flat,4.0,False
pareto_20201218,batch4_joint,6,5.44426438452636,-1.9304201262287157,0.39832550833358316,0.687147118119465,3.31642191643393,0.6091588655869149,-1,0,0.0,0,flat,4.0,False
pareto_20201218,batch4_joint,7,5.44426438452636,-1.9304201262287157,0.6091588655870268,0.8827833243033142,5.44426438452636,0.9999999999998163,13,0,0.0,0,flat,4.0,False
pareto_20201218,batch4_joint,8,5.44426438452636,-1.9304201262287157,0.37159487618626297,0.8140817504476674,5.44426438452636,0.9999999999998163,13,0,0.0,0,flat,4.0,False
pareto_20201218,batch4_joint,9,5.44426438452636,-1.9304201262287157,0.14231863694654603,0.8219203613811922,5.44426438452636,0.9999999999998163,9,0,0.0,0,flat,4.0,False
pareto_20201218,batch4_joint,10,5.44426438452636,-1.9304201262287157,0.16862640616095434,0.6411958161450124,3.31642191643393,0.6091588655869149,-1,0,0.0,0,flat,4.0,False
pareto_20201218,batch4_joint,11,5.44426438452636,-1.9304201262287157,0.37159487618626297,0.6621414390611189,3.31642191643393,0.6091588655869149,-1,0,0.0,0,flat,4.0,False
pareto_20201218,batch4_joint,12,5.44426438452636,-1.9304201262287157,0.6052342266545373,0.7095652825461174,3.31642191643393,0.6091588655869149,-1,0,0.0,0,flat,4.0,False
pareto_20201218,batch4_joint,13,5.44426438452636,-1.9304201262287157,0.03707029581911419,0.8889265219238143,5.44426438452636,0.9999999999998163,5,0,0.0,0,flat,4.0,False
pareto_20201218,batch4_joint,14,5.44426438452636,-1.9304201262287157,0.37159487618626297,0.8115358054242575,5.44426438452636,0.9999999999998163,13,0,0.0,0,flat,4.0,False
pareto_20201218,batch4_joint,15,5.44426438452636,-1.9304201262287157,0.20270980841072048,0.7262593196753311,5.44426438452636,0.9999999999998163,21,0,0.0,0,flat,4.0,False
pareto_20201218,batch4_joint,16,5.44426438452636,-1.9304201262287157,0.46210013501391495,0.6945034906227108,3.31642191643393,0.6091588655869149,-1,0,0.0,0,flat,4.0,False
pareto_20201218,batch4_joint,17,5.44426438452636,-1.9304201262287157,0.006682810262795429,0.621870624512824,3.31642191643393,0.6091588655869149,-1,0,0.0,0,flat,4.0,False
pareto_20201218,batch4_joint,18,5.44426438452636,-1.9304201262287157,0.37159487618626297,0.8695247883706398,5.44426438452636,0.9999999999998163,9,0,0.0,0,flat,4.0,False
pareto_20201218,batch4_joint,19,5.44426438452636,-1.9304201262287157,0.15697287069571897,0.9027572262462691,5.44426438452636,0.9999999999998163,5,0,0.0,0,flat,4.0,False
pareto_20201218,batch4_refit,0,5.44426438452636,-1.9304201262287157,0.39832550833358316,0.6673293328938362,3.31642191643393,0.6091588655869149,-1,0,0.0,0,flat,4.0,True
pareto_20201218,batch4_refit,1,5.44426438452636,-1.9304201262287157,-0.14795900137072068,0.624133462762747,3.31642191643393,0.6091588655869149,-1,0,0.0,0,flat,4.0,True
pareto_20201218,batch4_refit,2,5.44426438452636,-1.9304201262287157,1.0,1.0,5.44426438452636,0.9999999999998163,0,0,0.0,0,flat,4.0,True
pareto_20201218,batch4_refit,3,5.44426438452636,-1.9304201262287157,0.37159487618626297,0.6409655381977686,3.295055144471652,0.6052342266544262,-1,0,0.0,0,flat,4.0,True
pareto_20201218,batch4_refit,4,5.44426438452636,-1.9304201262287157,0.6052342266545373,0.7085693310784551,3.295055144471652,0.6052342266544262,-1,0,0.0,0,flat,4.0,True
pareto_20201218,batch4_refit,5,5.44426438452636,-1.9304201262287157,0.15697287069571897,0.5964037570704133,3.295055144471652,0.6052342266544262,-1,0,0.0,0,flat,4.0,True
pareto_20201218,batch4_refit,6,5.44426438452636,-1.9304201262287157,0.39832550833358316,0.687147118119465,3.31642191643393,0.6091588655869149,-1,0,0.0,0,flat,4.0,True
pareto_20201218,batch4_refit,7,5.44426438452636,-1.9304201262287157,0.6091588655870268,0.8827833243033142,5.44426438452636,0.9999999999998163,13,0,0.0,0,flat,4.0,True
pareto_20201218,batch4_refit,8,5.44426438452636,-1.9304201262287157,0.37159487618626297,0.6194053888665795,3.295055144471652,0.6052342266544262,-1,0,0.0,0,flat,4.0,True
pareto_20201218,batch4_refit,9,5.44426438452636,-1.9304201262287157,0.14231863694654603,0.8219203613811922,5.44426438452636,0.9999999999998163,9,0,0.0,0,flat,4.0,True
pareto_20201218,batch4_refit,10,5.44426438452636,-1.9304201262287157,0.16862640616095434,0.6606514372005822,3.31642191643393,0.6091588655869149,-1,0,0.0,0,flat,4.0,True
pareto_20201218,batch4_refit,11,5.44426438452636,-1.9304201262287157,0.37159487618626297,0.587181910173175,3.31642191643393,0.6091588655869149,-1,0,0.0,0,flat,4.0,True
pareto_20201218,batch4_refit,12,5.44426438452636,-1.9304201262287157,0.6052342266545373,0.7110139392263535,3.31642191643393,0.6091588655869149,-1,0,0.0,0,flat,4.0,True
pareto_20201218,batch4_refit,13,5.44426438452636,-1.9304201262287157,0.03707029581911419,0.6443900106589822,3.31642191643393,0.6091588655869149,-1,0,0.0,0,flat,4.0,True
pareto_20201218,batch4_refit,14,5.44426438452636,-1.9304201262287157,0.37159487618626297,0.9275137713170221,5.44426438452636,0.9999999999998163,5,0,0.0,0,flat,4.0,True
pareto_20201218,batch4_refit,15,5.44426438452636,-1.9304201262287157,0.20270980841072048,0.6270759787012122,3.31642191643393,0.6091588655869149,-1,0,0.0,0,flat,4.0,True
pareto_20201218,batch4_refit,16,5.44426438452636,-1.9304201262287157,0.46210013501391495,0.6945034906227108,3.31642191643393,0.6091588655869149,-1,0,0.0,0,flat,4.0,True
pareto_20201218,batch4_refit,17,5.44426438452636,-1.9304201262287157,0.006682810262795429,0.7745352642394905,5.44426438452636,0.9999999999998163,13,0,0.0,0,flat,4.0,True
pareto_20201218,batch4_refit,18,5.44426438452636,-1.9304201262287157,0.37159487618626297,0.8695247883706398,5.44426438452636,0.9999999999998163,9,0,0.0,0,flat,4.0,True
pareto_20201218,batch4_refit,19,5.44426438452636,-1.9304201262287157,0.15697287069571897,0.9027572262462691,5.44426438452636,0.9999999999998163,5,0,0.0,0,flat,4.0,True
pareto_20201218,batch8_joint,0,5.44426438452636,-1.9304201262287157,0.39832550833358316,0.6094831390526487,3.31642191643393,0.6091588655869149,-1,0,0.0,0,flat,8.0,False
pareto_20201218,batch8_joint,1,5.44426438452636,-1.9304201262287157,-0.14795900137072068,0.624133462762747,3.31642191643393,0.6091588655869149,-1,0,0.0,0,flat,8.0,False
pareto_20201218,batch8_joint,2,5.44426438452636,-1.9304201262287157,1.0,1.0,5.44426438452636,0.9999999999998163,0,0,0.0,0,flat,8.0,False
pareto_20201218,batch8_joint,3,5.44426438452636,-1.9304201262287157,0.37159487618626297,0.6444281821111094,3.31642191643393,0.6091588655869149,-1,0,0.0,0,flat,8.0,False
pareto_20201218,batch8_joint,4,5.44426438452636,-1.9304201262287157,0.6052342266545373,0.9544639579810086,5.44426438452636,0.9999999999998163,5,0,0.0,0,flat,8.0,False
pareto_20201218,batch8_joint,5,5.44426438452636,-1.9304201262287157,0.15697287069571897,0.5758521083759127,3.31642191643393,0.6091588655869149,-1,0,0.0,0,flat,8.0,False
pareto_20201218,batch8_joint,6,5.44426438452636,-1.9304201262287157,0.39832550833358316,0.858463797983852,5.44426438452636,0.9999999999998163,13,0,0.0,0,flat,8.0,False
pareto_20201218,batch8_joint,7,5.44426438452636,-1.9304201262287157,0.6091588655870268,0.8827833243033142,5.44426438452636,0.9999999999998163,13,0,0.0,0,flat,8.0,False
pareto_20201218,batch8_joint,8,5.44426438452636,-1.9304201262287157,0.37159487618626297,0.6840637525623671,3.31642191643393,0.6091588655869149,-1,0,0.0,0,flat,8.0,False
pareto_20201218,batch8_joint,9,5.44426438452636,-1.9304201262287157,0.14231863694654603,0.49534407127699154,2.173265080528347,0.3991843391560451,-1,0,0.0,0,flat,8.0,False
pareto_20201218,batch8_joint,10,5.44426438452636,-1.9304201262287157,0.16862640616095434,0.6606514372005822,3.31642191643393,0.6091588655869149,-1,0,0.0,0,flat,8.0,False
pareto_20201218,batch8_joint,11,5.44426438452636,-1.9304201262287157,0.37159487618626297,0.6402191255598706,3.31642191643393,0.6091588655869149,-1,0,0.0,0,flat,8.0,False
pareto_20201218,batch8_joint,12,5.44426438452636,-1.9304201262287157,0.6052342266545373,0.7102896108862354,3.31642191643393,0.6091588655869149,-1,0,0.0,0,flat,8.0,False
pareto_20201218,batch8_joint,13,5.44426438452636,-1.9304201262287157,0.03707029581911419,0.8889265219238143,5.44426438452636,0.9999999999998163,5,0,0.0,0,flat,8.0,False
pareto_20201218,batch8_joint,14,5.44426438452636,-1.9304201262287157,0.37159487618626297,0.9275137713170221,5.44426438452636,0.9999999999998163,5,0,0.0,0,flat,8.0,False
pareto_20201218,batch8_joint,15,5.44426438452636,-1.9304201262287157,0.20270980841072048,0.6645829412513078,3.31642191643393,0.6091588655869149,-1,0,0.0,0,flat,8.0,False
pareto_20201218,batch8_joint,16,5.44426438452636,-1.9304201262287157,0.46210013501391495,0.8658201704870977,5.44426438452636,0.9999999999998163,13,0,0.0,0,flat,8.0,False
pareto_20201218,batch8_joint,17,5.44426438452636,-1.9304201262287157,0.006682810262795429,0.6395267131828821,3.295055144471652,0.6052342266544262,-1,0,0.0,0,flat,8.0,False
pareto_20201218,batch8_joint,18,5.44426438452636,-1.9304201262287157,0.37159487618626297,0.8115358054242575,5.44426438452636,0.9999999999998163,13,0,0.0,0,flat,8.0,False
pareto_20201218,batch8_joint,19,5.44426438452636,-1.9304201262287157,0.15697287069571897,0.9027572262462691,5.44426438452636,0.9999999999998163,5,0,0.0,0,flat,8.0,False
pareto_20201218,batch8_refit,0,5.44426438452636,-1.9304201262287157,0.39832550833358316,0.7474192169824443,5.44426438452636,0.9999999999998163,21,0,0.0,0,flat,8.0,True
pareto_20201218,batch8_refit,1,5.44426438452636,-1.9304201262287157,-0.14795900137072068,0.7233168037368657,5.44426438452636,0.9999999999998163,21,0,0.0,0,flat,8.0,True
pareto_20201218,batch8_refit,2,5.44426438452636,-1.9304201262287157,1.0,1.0,5.44426438452636,0.9999999999998163,0,0,0.0,0,flat,8.0,True
pareto_20201218,batch8_refit,3,5.44426438452636,-1.9304201262287157,0.37159487618626297,0.8115358054242575,5.44426438452636,0.9999999999998163,13,0,0.0,0,flat,8.0,True
pareto_20201218,batch8_refit,4,5.44426438452636,-1.9304201262287157,0.6052342266545373,0.7085693310784551,3.295055144471652,0.6052342266544262,-1,0,0.0,0,flat,8.0,True
pareto_20201218,batch8_refit,5,5.44426438452636,-1.9304201262287157,0.15697287069571897,0.7917126452448614,5.44426438452636,0.9999999999998163,13,0,0.0,0,flat,8.0,True
pareto_20201218,batch8_refit,6,5.44426438452636,-1.9304201262287157,0.39832550833358316,0.858463797983852,5.44426438452636,0.9999999999998163,13,0,0.0,0,flat,8.0,True
pareto_20201218,batch8_refit,7,5.44426438452636,-1.9304201262287157,0.6091588655870268,0.7114666444389273,3.31642191643393,0.6091588655869149,-1,0,0.0,0,flat,8.0,True
pareto_20201218,batch8_refit,8,5.44426438452636,-1.9304201262287157,0.37159487618626297,0.6840637525623671,3.31642191643393,0.6091588655869149,-1,0,0.0,0,flat,8.0,True
pareto_20201218,batch8_refit,9,5.44426438452636,-1.9304201262287157,0.14231863694654603,0.7637903914579305,5.44426438452636,0.9999999999998163,13,0,0.0,0,flat,8.0,True
pareto_20201218,batch8_refit,10,5.44426438452636,-1.9304201262287157,0.16862640616095434,0.6606514372005822,3.31642191643393,0.6091588655869149,-1,0,0.0,0,flat,8.0,True
pareto_20201218,batch8_refit,11,5.44426438452636,-1.9304201262287157,0.37159487618626297,0.6402191255598706,3.31642191643393,0.6091588655869149,-1,0,0.0,0,flat,8.0,True
pareto_20201218,batch8_refit,12,5.44426438452636,-1.9304201262287157,0.6052342266545373,0.7110139392263535,3.31642191643393,0.6091588655869149,-1,0,0.0,0,flat,8.0,True
pareto_20201218,batch8_refit,13,5.44426438452636,-1.9304201262287157,0.03707029581911419,0.6430318950212608,3.295055144471652,0.6052342266544262,-1,0,0.0,0,flat,8.0,True
pareto_20201218,batch8_refit,14,5.44426438452636,-1.9304201262287157,0.37159487618626297,0.9275137713170221,5.44426438452636,0.9999999999998163,5,0,0.0,0,flat,8.0,True
pareto_20201218,batch8_refit,15,5.44426438452636,-1.9304201262287157,0.20270980841072048,0.5994398041655109,3.31642191643393,0.6091588655869149,-1,0,0.0,0,flat,8.0,True
pareto_20201218,batch8_refit,16,5.44426438452636,-1.9304201262287157,0.46210013501391495,0.8658201704870977,5.44426438452636,0.9999999999998163,13,0,0.0,0,flat,8.0,True
pareto_20201218,batch8_refit,17,5.44426438452636,-1.9304201262287157,0.006682810262795429,0.6395267131828821,3.295055144471652,0.6052342266544262,-1,0,0.0,0,flat,8.0,True
pareto_20201218,batch8_refit,18,5.44426438452636,-1.9304201262287157,0.37159487618626297,0.8115358054242575,5.44426438452636,0.9999999999998163,13,0,0.0,0,flat,8.0,True
pareto_20201218,batch8_refit,19,5.44426438452636,-1.9304201262287157,0.15697287069571897,0.9027572262462691,5.44426438452636,0.9999999999998163,5,0,0.0,0,flat,8.0,True
coatings,batch1_joint,0,4081245.0762726846,0.0,0.13105107062437907,0.8655384830744232,4081245.0762726846,1.0,8,0,0.0,0,smooth,1.0,False
coatings,batch1_joint,1,4081245.0762726846,0.0,0.9847760962641876,0.9952636743933029,4081245.0762726846,1.0,0,0,0.0,0,smooth,1.0,False
coatings,batch1_joint,2,4081245.0762726846,0.0,0.19480358667901757,0.85800302470632,4081245.0762726846,1.0,15,0,0.0,0,smooth,1.0,False
coatings,batch1_joint,3,4081245.0762726846,0.0,0.8470572652391115,0.9542971249321236,4081245.0762726846,1.0,13,0,0.0,0,smooth,1.0,False
coatings,batch1_joint,4,4081245.0762726846,0.0,0.46829439521817423,0.9170998880959432,4081245.0762726846,1.0,11,0,0.0,0,smooth,1.0,False
coatings,batch1_joint,5,4081245.0762726846,0.0,0.6406080154514009,0.890192252137524,4081245.0762726846,1.0,18,0,0.0,0,smooth,1.0,False
coatings,batch1_joint,6,4081245.0762726846,0.0,0.7843872100624334,0.9503991557620939,4081245.0762726846,1.0,8,0,0.0,0,smooth,1.0,False
coatings,batch1_joint,7,4081245.0762726846,0.0,0.2968737267028211,0.8760570578087551,4081245.0762726846,1.0,18,0,0.0,0,smooth,1.0,False
coatings,batch1_joint,8,4081245.0762726846,0.0,0.2968737267028211,0.89820097447271,4081245.0762726846,1.0,11,0,0.0,0,smooth,1.0,False
coatings,batch1_joint,9,4081245.0762726846,0.0,0.7656882140054638,0.9138573236997644,4081245.0762726846,1.0,19,0,0.0,0,smooth,1.0,False
coatings,batch1_joint,10,4081245.0762726846,0.0,0.9133618720969294,0.9717173025469814,4081245.0762726846,1.0,0,0,0.0,0,smooth,1.0,False
coatings,batch1_joint,11,4081245.0762726846,0.0,0.7760277139282816,0.9409278561599166,4081245.0762726846,1.0,10,0,0.0,0,smooth,1.0,False
coatings,batch1_joint,12,4081245.0762726846,0.0,0.2409432187949692,0.8297973826914177,4081245.0762726846,1.0,11,0,0.0,0,smooth,1.0,False
coatings,batch1_joint,13,4081245.0762726846,0.0,0.8470572652391115,0.9184305414608593,4081245.0762726846,1.0,24,0,0.0,0,smooth,1.0,False
coatings,batch1_joint,14,4081245.0762726846,0.0,0.4407814824360152,0.9088154576776276,4081245.0762726846,1.0,7,0,0.0,0,smooth,1.0,False
coatings,batch1_joint,15,4081245.0762726846,0.0,0.692736662031016,0.9241737394565229,4081245.0762726846,1.0,14,0,0.0,0,smooth,1.0,False
coatings,batch1_joint,16,4081245.0762726846,0.0,0.46829439521817423,0.8731859498121354,4081245.0762726846,1.0,13,0,0.0,0,smooth,1.0,False
coatings,batch1_joint,17,4081245.0762726846,0.0,0.7760277139282816,0.8921636265246993,4081245.0762726846,1.0,22,0,0.0,0,smooth,1.0,False
coatings,batch1_joint,18,4081245.0762726846,0.0,0.9133618720969294,0.9739213045882495,4081245.0762726846,1.0,0,0,0.0,0,smooth,1.0,False
coatings,batch1_joint,19,4081245.0762726846,0.0,0.7012470763872891,0.9375930420250856,4081245.0762726846,1.0,11,0,0.0,0,smooth,1.0,False
coatings,batch2_joint,0,4081245.0762726846,0.0,0.13105107062437907,0.8647379853380278,4081245.0762726846,1.0,9,0,0.0,0,smooth,2.0,False
coatings,batch2_joint,1,4081245.0762726846,0.0,0.9847760962641876,0.9922188936461402,4081245.0762726846,1.0,0,0,0.0,0,smooth,2.0,False
coatings,batch2_joint,2,4081245.0762726846,0.0,0.19480358667901757,0.8634171895894509,4081245.0762726846,1.0,13,0,0.0,0,smooth,2.0,False
coatings,batch2_joint,3,4081245.0762726846,0.0,0.8470572652391115,0.9252436340591826,4081245.0762726846,1.0,21,0,0.0,0,smooth,2.0,False
coatings,batch2_joint,4,4081245.0762726846,0.0,0.46829439521817423,0.8937547411029433,4081245.0762726846,1.0,13,0,0.0,0,smooth,2.0,False
coatings,batch2_joint,5,4081245.0762726846,0.0,0.6406080154514009,0.930968461355632,4081245.0762726846,1.0,9,0,0.0,0,smooth,2.0,False
coatings,batch2_joint,6,4081245.0762726846,0.0,0.7843872100624334,0.93081863289447,4081245.0762726846,1.0,15,0,0.0,0,smooth,2.0,False
coatings,batch2_joint,7,4081245.0762726846,0.0,0.2968737267028211,0.8759650990419355,4081245.0762726846,1.0,13,0,0.0,0,smooth,2.0,False
coatings,batch2_joint,8,4081245.0762726846,0.0,0.2968737267028211,0.8904258121476624,4081245.0762726846,1.0,11,0,0.0,0,smooth,2.0,False
coatings,batch2_joint,9,4081245.0762726846,0.0,0.7656882140054638,0.9014205219623701,4081245.0762726846,1.0,23,0,0.0,0,smooth,2.0,False
coatings,batch2_joint,10,4081245.0762726846,0.0,0.9133618720969294,0.9903735413441033,4081245.0762726846,1.0,0,0,0.0,0,smooth,2.0,False
coatings,batch2_joint,11,4081245.0762726846,0.0,0.7760277139282816,0.8756688789994033,4081245.0762726846,1.0,27,0,0.0,0,smooth,2.0,False
coatings,batch2_joint,12,4081245.0762726846,0.0,0.2409432187949692,0.830849937421819,4081245.0762726846,1.0,13,0,0.0,0,smooth,2.0,False
coatings,batch2_joint,13,4081245.0762726846,0.0,0.8470572652391115,0.9599075263943051,4081245.0762726846,1.0,11,0,0.0,0,smooth,2.0,False
coatings,batch2_joint,14,4081245.0762726846,0.0,0.4407814824360152,0.8776591036795074,4081245.0762726846,1.0,15,0,0.0,0,smooth,2.0,False
coatings,batch2_joint,15,4081245.0762726846,0.0,0.692736662031016,0.946776907076472,4081245.0762726846,1.0,7,0,0.0,0,smooth,2.0,False
coatings,batch2_joint,16,4081245.0762726846,0.0,0.46829439521817423,0.8968725902939844,4081245.0762726846,1.0,11,0,0.0,0,smooth,2.0,False
coatings,batch2_joint,17,4081245.0762726846,0.0,0.7760277139282816,0.9671669016110684,4081245.0762726846,1.0,5,0,0.0,0,smooth,2.0,False
coatings,batch2_joint,18,4081245.0762726846,0.0,0.9133618720969294,0.9754654036769425,4081245.0762726846,1.0,0,0,0.0,0,smooth,2.0,False
coatings,batch2_joint,19,4081245.0762726846,0.0,0.7012470763872891,0.9391723493797685,4081245.0762726846,1.0,11,0,0.0,0,smooth,2.0,False
coatings,batch2_refit,0,4081245.0762726846,0.0,0.13105107062437907,0.8448080072184141,4081245.0762726846,1.0,11,0,0.0,0,smooth,2.0,True
coatings,batch2_refit,1,4081245.0762726846,0.0,0.9847760962641876,0.9922188936461402,4081245.0762726846,1.0,0,0,0.0,0,smooth,2.0,True
coatings,batch2_refit,2,4081245.0762726846,0.0,0.19480358667901757,0.8867582774993696,4081245.0762726846,1.0,11,0,0.0,0,smooth,2.0,True
coatings,batch2_refit,3,4081245.0762726846,0.0,0.8470572652391115,0.9456359986939677,4081245.0762726846,1.0,15,0,0.0,0,smooth,2.0,True
coatings,batch2_refit,4,4081245.0762726846,0.0,0.46829439521817423,0.8713320931741568,4081245.0762726846,1.0,13,0,0.0,0,smooth,2.0,True
coatings,batch2_refit,5,4081245.0762726846,0.0,0.6406080154514009,0.8860046534512113,4081245.0762726846,1.0,17,0,0.0,0,smooth,2.0,True
coatings,batch2_refit,6,4081245.0762726846,0.0,0.7843872100624334,0.9294881033004967,4081245.0762726846,1.0,15,0,0.0,0,smooth,2.0,True
coatings,batch2_refit,7,4081245.0762726846,0.0,0.2968737267028211,0.8747925722469023,4081245.0762726846,1.0,11,0,0.0,0,smooth,2.0,True
coatings,batch2_refit,8,4081245.0762726846,0.0,0.2968737267028211,0.8720870983575951,4081245.0762726846,1.0,15,0,0.0,0,smooth,2.0,True
coatings,batch2_refit,9,4081245.0762726846,0.0,0.7656882140054638,0.8857050198385781,4081245.0762726846,1.0,27,0,0.0,0,smooth,2.0,True
coatings,batch2_refit,10,4081245.0762726846,0.0,0.9133618720969294,0.9903735413441033,4081245.0762726846,1.0,0,0,0.0,0,smooth,2.0,True
coatings,batch2_refit,11,4081245.0762726846,0.0,0.7760277139282816,0.8756688789994033,4081245.0762726846,1.0,27,0,0.0,0,smooth,2.0,True
coatings,batch2_refit,12,4081245.0762726846,0.0,0.2409432187949692,0.8844835594093904,4081245.0762726846,1.0,9,0,0.0,0,smooth,2.0,True
coatings,batch2_refit,13,4081245.0762726846,0.0,0.8470572652391115,0.9687348351040085,4081245.0762726846,1.0,9,0,0.0,0,smooth,2.0,True
coatings,batch2_refit,14,4081245.0762726846,0.0,0.4407814824360152,0.905444414698857,4081245.0762726846,1.0,7,0,0.0,0,smooth,2.0,True
coatings,batch2_refit,15,4081245.0762726846,0.0,0.692736662031016,0.9440704353012166,4081245.0762726846,1.0,7,0,0.0,0,smooth,2.0,True
coatings,batch2_refit,16,4081245.0762726846,0.0,0.46829439521817423,0.92843293036838,4081245.0762726846,1.0,7,0,0.0,0,smooth,2.0,True
coatings,batch2_refit,17,4081245.0762726846,0.0,0.7760277139282816,0.970549991330138,4081245.0762726846,1.0,5,0,0.0,0,smooth,2.0,True
coatings,batch2_refit,18,4081245.0762726846,0.0,0.9133618720969294,0.9838164861064889,4081245.0762726846,1.0,0,0,0.0,0,smooth,2.0,True
coatings,batch2_refit,19,4081245.0762726846,0.0,0.7012470763872891,0.9391723493797685,4081245.0762726846,1.0,11,0,0.0,0,smooth,2.0,True
coatings,batch4_joint,0,4081245.0762726846,0.0,0.13105107062437907,0.8624728656525178,4019112.594109251,0.9847760962641876,9,0,0.0,0,smooth,4.0,False
coatings,batch4_joint,1,4081245.0762726846,0.0,0.9847760962641876,0.988835803927071,4081245.0762726846,1.0,0,0,0.0,0,smooth,4.0,False
coatings,batch4_joint,2,4081245.0762726846,0.0,0.19480358667901757,0.8429516982993884,4081245.0762726846,1.0,17,0,0.0,0,smooth,4.0,False
coatings,batch4_joint,3,4081245.0762726846,0.0,0.8470572652391115,0.9592740719482379,4081245.0762726846,1.0,9,0,0.0,0,smooth,4.0,False
coatings,batch4_joint,4,4081245.0762726846,0.0,0.46829439521817423,0.8960429644771495,4081245.0762726846,1.0,13,0,0.0,0,smooth,4.0,False
coatings,batch4_joint,5,4081245.0762726846,0.0,0.6406080154514009,0.9522923949473301,4081245.0762726846,1.0,5,0,0.0,0,smooth,4.0,False
coatings,batch4_joint,6,4081245.0762726846,0.0,0.7843872100624334,0.9385580947068898,4081245.0762726846,1.0,13,0,0.0,0,smooth,4.0,False
coatings,batch4_joint,7,4081245.0762726846,0.0,0.2968737267028211,0.8906519424226169,4081245.0762726846,1.0,5,0,0.0,0,smooth,4.0,False
coatings,batch4_joint,8,4081245.0762726846,0.0,0.2968737267028211,0.8888052844523153,4081245.0762726846,1.0,13,0,0.0,0,smooth,4.0,False
coatings,batch4_joint,9,4081245.0762726846,0.0,0.7656882140054638,0.8661381100649667,4019112.594109251,0.9847760962641876,21,0,0.0,0,smooth,4.0,False
coatings,batch4_joint,10,4081245.0762726846,0.0,0.9133618720969294,0.9903735413441033,4081245.0762726846,1.0,0,0,0.0,0,smooth,4.0,False
coatings,batch4_joint,11,4081245.0762726846,0.0,0.7760277139282816,0.9281497874300146,4081245.0762726846,1.0,17,0,0.0,0,smooth,4.0,False
coatings,batch4_joint,12,4081245.0762726846,0.0,0.2409432187949692,0.8503596547062376,4081245.0762726846,1.0,13,0,0.0,0,smooth,4.0,False
coatings,batch4_joint,13,4081245.0762726846,0.0,0.8470572652391115,0.954463307403671,4081245.0762726846,1.0,13,0,0.0,0,smooth,4.0,False
coatings,batch4_joint,14,4081245.0762726846,0.0,0.4407814824360152,0.8329502239873358,4081245.0762726846,1.0,21,0,0.0,0,smooth,4.0,False
coatings,batch4_joint,15,4081245.0762726846,0.0,0.692736662031016,0.9358136003641533,4081245.0762726846,1.0,9,0,0.0,0,smooth,4.0,False
coatings,batch4_joint,16,4081245.0762726846,0.0,0.46829439521817423,0.8814301537969002,4081245.0762726846,1.0,13,0,0.0,0,smooth,4.0,False
coatings,batch4_joint,17,4081245.0762726846,0.0,0.7760277139282816,0.9700454998866834,4081245.0762726846,1.0,5,0,0.0,0,smooth,4.0,False
coatings,batch4_joint,18,4081245.0762726846,0.0,0.9133618720969294,0.9704932514307356,4019112.594109251,0.9847760962641876,0,0,0.0,0,smooth,4.0,False
coatings,batch4_joint,19,4081245.0762726846,0.0,0.7012470763872891,0.9115394680498382,4081245.0762726846,1.0,17,0,0.0,0,smooth,4.0,False
coatings,batch4_refit,0,4081245.0762726846,0.0,0.13105107062437907,0.8352726364610374,4081245.0762726846,1.0,13,0,0.0,0,smooth,4.0,True
coatings,batch4_refit,1,4081245.0762726846,0.0,0.9847760962641876,0.988835803927071,4081245.0762726846,1.0,0,0,0.0,0,smooth,4.0,True
coatings,batch4_refit,2,4081245.0762726846,0.0,0.19480358667901757,0.8874661708833064,4081245.0762726846,1.0,9,0,0.0,0,smooth,4.0,True
coatings,batch4_refit,3,4081245.0762726846,0.0,0.8470572652391115,0.9368086899842644,4081245.0762726846,1.0,17,0,0.0,0,smooth,4.0,True
coatings,batch4_refit,4,4081245.0762726846,0.0,0.46829439521817423,0.8946014494532973,4081245.0762726846,1.0,13,0,0.0,0,smooth,4.0,True
coatings,batch4_refit,5,4081245.0762726846,0.0,0.6406080154514009,0.9227086595397692,4081245.0762726846,1.0,9,0,0.0,0,smooth,4.0,True
coatings,batch4_refit,6,4081245.0762726846,0.0,0.7843872100624334,0.9686121140159413,4081245.0762726846,1.0,5,0,0.0,0,smooth,4.0,True
coatings,batch4_refit,7,4081245.0762726846,0.0,0.2968737267028211,0.8822577758906337,4081245.0762726846,1.0,21,0,0.0,0,smooth,4.0,True
coatings,batch4_refit,8,4081245.0762726846,0.0,0.2968737267028211,0.8906253313466054,4081245.0762726846,1.0,13,0,0.0,0,smooth,4.0,True
coatings,batch4_refit,9,4081245.0762726846,0.0,0.7656882140054638,0.9602870014417224,4081245.0762726846,1.0,9,0,0.0,0,smooth,4.0,True
coatings,batch4_refit,10,4081245.0762726846,0.0,0.9133618720969294,0.9903735413441033,4081245.0762726846,1.0,0,0,0.0,0,smooth,4.0,True
coatings,batch4_refit,11,4081245.0762726846,0.0,0.7760277139282816,0.9172589126222404,4081245.0762726846,1.0,17,0,0.0,0,smooth,4.0,True
coatings,batch4_refit,12,4081245.0762726846,0.0,0.2409432187949692,0.8662676668506126,4081245.0762726846,1.0,13,0,0.0,0,smooth,4.0,True
coatings,batch4_refit,13,4081245.0762726846,0.0,0.8470572652391115,0.9245670161153687,4081245.0762726846,1.0,21,0,0.0,0,smooth,4.0,True
coatings,batch4_refit,14,4081245.0762726846,0.0,0.4407814824360152,0.8524245844627286,4081245.0762726846,1.0,17,0,0.0,0,smooth,4.0,True
coatings,batch4_refit,15,4081245.0762726846,0.0,0.692736662031016,0.9451151748267052,4081245.0762726846,1.0,9,0,0.0,0,smooth,4.0,True
coatings,batch4_refit,16,4081245.0762726846,0.0,0.46829439521817423,0.9159442612680743,4081245.0762726846,1.0,9,0,0.0,0,smooth,4.0,True
coatings,batch4_refit,17,4081245.0762726846,0.0,0.7760277139282816,0.9700454998866834,4081245.0762726846,1.0,5,0,0.0,0,smooth,4.0,True
coatings,batch4_refit,18,4081245.0762726846,0.0,0.9133618720969294,0.9772594308688749,4081245.0762726846,1.0,0,0,0.0,0,smooth,4.0,True
coatings,batch4_refit,19,4081245.0762726846,0.0,0.7012470763872891,0.9402494152774576,4081245.0762726846,1.0,9,0,0.0,0,smooth,4.0,True
coatings,batch8_joint,0,4081245.0762726846,0.0,0.13105107062437907,0.8457058675234104,4019112.594109251,0.9847760962641876,13,0,0.0,0,smooth,8.0,False
coatings,batch8_joint,1,4081245.0762726846,0.0,0.9847760962641876,0.9874825680394432,4081245.0762726846,1.0,0,0,0.0,0,smooth,8.0,False
coatings,batch8_joint,2,4081245.0762726846,0.0,0.19480358667901757,0.8578725836767448,4019112.594109251,0.9847760962641876,13,0,0.0,0,smooth,8.0,False
coatings,batch8_joint,3,4081245.0762726846,0.0,0.8470572652391115,0.9620717791194604,4019112.594109251,0.9847760962641876,5,0,0.0,0,smooth,8.0,False
coatings,batch8_joint,4,4081245.0762726846,0.0,0.46829439521817423,0.8538708012608681,4019112.594109251,0.9847760962641876,21,0,0.0,0,smooth,8.0,False
coatings,batch8_joint,5,4081245.0762726846,0.0,0.6406080154514009,0.9472237043975379,4081245.0762726846,1.0,5,0,0.0,0,smooth,8.0,False
coatings,batch8_joint,6,4081245.0762726846,0.0,0.7843872100624334,0.9611812046916122,4081245.0762726846,1.0,5,0,0.0,0,smooth,8.0,False
coatings,batch8_joint,7,4081245.0762726846,0.0,0.2968737267028211,0.8756678569742313,4081245.0762726846,1.0,5,0,0.0,0,smooth,8.0,False
coatings,batch8_joint,8,4081245.0762726846,0.0,0.2968737267028211,0.8640220175348066,4081245.0762726846,1.0,21,0,0.0,0,smooth,8.0,False
coatings,batch8_joint,9,4081245.0762726846,0.0,0.7656882140054638,0.8785764319854651,4081245.0762726846,1.0,21,0,0.0,0,smooth,8.0,False
coatings,batch8_joint,10,4081245.0762726846,0.0,0.9133618720969294,0.9903735413441033,4081245.0762726846,1.0,0,0,0.0,0,smooth,8.0,False
coatings,batch8_joint,11,4081245.0762726846,0.0,0.7760277139282816,0.8905965164520906,4019112.594109251,0.9847760962641876,29,0,0.0,0,smooth,8.0,False
coatings,batch8_joint,12,4081245.0762726846,0.0,0.2409432187949692,0.8748599550696188,4081245.0762726846,1.0,13,0,0.0,0,smooth,8.0,False
coatings,batch8_joint,13,4081245.0762726846,0.0,0.8470572652391115,0.9504035997407878,4081245.0762726846,1.0,13,0,0.0,0,smooth,8.0,False
coatings,batch8_joint,14,4081245.0762726846,0.0,0.4407814824360152,0.8847766868362342,4019112.594109251,0.9847760962641876,21,0,0.0,0,smooth,8.0,False
coatings,batch8_joint,15,4081245.0762726846,0.0,0.692736662031016,0.9152164467118961,4019112.594109251,0.9847760962641876,13,0,0.0,0,smooth,8.0,False
coatings,batch8_joint,16,4081245.0762726846,0.0,0.46829439521817423,0.8877554529604209,4081245.0762726846,1.0,21,0,0.0,0,smooth,8.0,False
coatings,batch8_joint,17,4081245.0762726846,0.0,0.7760277139282816,0.9629588435630733,4081245.0762726846,1.0,5,0,0.0,0,smooth,8.0,False
coatings,batch8_joint,18,4081245.0762726846,0.0,0.9133618720969294,0.972264735719413,4081245.0762726846,1.0,0,0,0.0,0,smooth,8.0,False
coatings,batch8_joint,19,4081245.0762726846,0.0,0.7012470763872891,0.9259080393532871,4081245.0762726846,1.0,13,0,0.0,0,smooth,8.0,False
coatings,batch8_refit,0,4081245.0762726846,0.0,0.13105107062437907,0.865956026518688,4081245.0762726846,1.0,13,0,0.0,0,smooth,8.0,True
coatings,batch8_refit,1,4081245.0762726846,0.0,0.9847760962641876,0.9874825680394432,4081245.0762726846,1.0,0,0,0.0,0,smooth,8.0,True
coatings,batch8_refit,2,4081245.0762726846,0.0,0.19480358667901757,0.8779309687896663,4081245.0762726846,1.0,13,0,0.0,0,smooth,8.0,True
coatings,batch8_refit,3,4081245.0762726846,0.0,0.8470572652391115,0.9728976662204829,4081245.0762726846,1.0,5,0,0.0,0,smooth,8.0,True
coatings,batch8_refit,4,4081245.0762726846,0.0,0.46829439521817423,0.8550822597484994,4019112.594109251,0.9847760962641876,21,0,0.0,0,smooth,8.0,True
coatings,batch8_refit,5,4081245.0762726846,0.0,0.6406080154514009,0.9445172326222818,4019112.594109251,0.9847760962641876,5,0,0.0,0,smooth,8.0,True
coatings,batch8_refit,6,4081245.0762726846,0.0,0.7843872100624334,0.9652171362392483,4081245.0762726846,1.0,5,0,0.0,0,smooth,8.0,True
coatings,batch8_refit,7,4081245.0762726846,0.0,0.2968737267028211,0.8762087869696543,4081245.0762726846,1.0,21,0,0.0,0,smooth,8.0,True
coatings,batch8_refit,8,4081245.0762726846,0.0,0.2968737267028211,0.8910701908236662,4081245.0762726846,1.0,5,0,0.0,0,smooth,8.0,True
coatings,batch8_refit,9,4081245.0762726846,0.0,0.7656882140054638,0.9323099284904673,4081245.0762726846,1.0,13,0,0.0,0,smooth,8.0,True
coatings,batch8_refit,10,4081245.0762726846,0.0,0.9133618720969294,0.9903735413441033,4081245.0762726846,1.0,0,0,0.0,0,smooth,8.0,True
coatings,batch8_refit,11,4081245.0762726846,0.0,0.7760277139282816,0.935296895134837,4081245.0762726846,1.0,13,0,0.0,0,smooth,8.0,True
coatings,batch8_refit,12,4081245.0762726846,0.0,0.2409432187949692,0.9102474140933743,4081245.0762726846,1.0,5,0,0.0,0,smooth,8.0,True
coatings,batch8_refit,13,4081245.0762726846,0.0,0.8470572652391115,0.9504035997407878,4081245.0762726846,1.0,13,0,0.0,0,smooth,8.0,True
coatings,batch8_refit,14,4081245.0762726846,0.0,0.4407814824360152,0.9324516656090461,4081245.0762726846,1.0,5,0,0.0,0,smooth,8.0,True
coatings,batch8_refit,15,4081245.0762726846,0.0,0.692736662031016,0.9243707205388527,4019112.594109251,0.9847760962641876,13,0,0.0,0,smooth,8.0,True
coatings,batch8_refit,16,4081245.0762726846,0.0,0.46829439521817423,0.8811290168920813,4081245.0762726846,1.0,21,0,0.0,0,smooth,8.0,True
coatings,batch8_refit,17,4081245.0762726846,0.0,0.7760277139282816,0.9649768093368911,4081245.0762726846,1.0,5,0,0.0,0,smooth,8.0,True
coatings,batch8_refit,18,4081245.0762726846,0.0,0.9133618720969294,0.9849605977935921,4081245.0762726846,1.0,0,0,0.0,0,smooth,8.0,True
coatings,batch8_refit,19,4081245.0762726846,0.0,0.7012470763872891,0.9259080393532871,4081245.0762726846,1.0,13,0,0.0,0,smooth,8.0,True
