phase,protein,prior_level,condition,seed,budget,n_init,final_hv,final_pf_size,igd,exp_to_70pct_hv,exp_to_80pct_hv,stagnant_batches,max_hv,n_obs,w_nov
0,mAb_aggregation,L1,mo_ls_egbo,0,30,10,11288.639022851432,8,5.944603292998474,30,30,0,16862.250722434062,30,-1.0
0,mAb_aggregation,L1,mo_ls_egbo,1,30,10,13375.645922251519,14,5.364660350357534,30,30,0,16862.250722434062,30,-1.0
0,mAb_aggregation,L1,mo_ls_egbo,2,30,10,12980.481326401808,10,5.142219941357707,20,30,1,16862.250722434062,30,-1.0
0,mAb_aggregation,L1,mo_ls_egbo,3,30,10,10501.91978013178,8,10.113712916326522,30,30,0,16862.250722434062,30,-1.0
0,mAb_aggregation,L1,mo_ls_egbo,4,30,10,13145.638216030693,8,5.471517894313664,30,30,0,16862.250722434062,30,-1.0
0,mAb_aggregation,L1,mo_ls_egbo,5,30,10,15598.85582522955,9,9.494051589263442,20,20,0,16862.250722434062,30,-1.0
0,mAb_aggregation,L1,mo_ls_egbo,6,30,10,10393.259174552904,8,6.265537781112524,30,30,1,16862.250722434062,30,-1.0
0,mAb_aggregation,L1,mo_ls_egbo,7,30,10,10645.109057652302,8,7.08325692770953,30,30,0,16862.250722434062,30,-1.0
0,mAb_aggregation,L1,mo_ls_egbo,8,30,10,12468.79808755387,9,5.650372403612259,25,30,0,16862.250722434062,30,-1.0
0,mAb_aggregation,L1,mo_ls_egbo,9,30,10,14734.460526846548,8,10.698420611679282,20,20,1,16862.250722434062,30,-1.0
0,mAb_aggregation,L1,mo_ls_egbo,10,30,10,12434.002050061184,7,6.161199401761951,15,30,1,16862.250722434062,30,-1.0
0,mAb_aggregation,L1,mo_ls_egbo,11,30,10,10956.384054921593,10,5.4781332179285265,30,30,0,16862.250722434062,30,-1.0
0,mAb_aggregation,L1,mo_ls_egbo,12,30,10,13822.281770323283,14,7.118008736620777,15,25,0,16862.250722434062,30,-1.0
0,mAb_aggregation,L1,mo_ls_egbo,13,30,10,10734.09060452466,8,6.5246874700225606,30,30,0,16862.250722434062,30,-1.0
0,mAb_aggregation,L1,mo_ls_egbo,14,30,10,11491.610959700243,15,4.634387652306569,30,30,0,16862.250722434062,30,-1.0
0,mAb_aggregation,L1,mo_ls_na_egbo_w0.00,0,30,10,13021.763184859012,7,6.200216268917786,15,30,1,16862.250722434062,30,0.0
0,mAb_aggregation,L1,mo_ls_na_egbo_w0.00,1,30,10,12861.099967349825,8,6.568011184367119,20,30,1,16862.250722434062,30,0.0
0,mAb_aggregation,L1,mo_ls_na_egbo_w0.00,2,30,10,13511.128745428912,9,6.6262129024232035,25,30,0,16862.250722434062,30,0.0
0,mAb_aggregation,L1,mo_ls_na_egbo_w0.00,3,30,10,10536.50166813491,10,5.665751708109171,30,30,0,16862.250722434062,30,0.0
0,mAb_aggregation,L1,mo_ls_na_egbo_w0.00,4,30,10,11020.055649427408,17,4.908460931767265,30,30,0,16862.250722434062,30,0.0
0,mAb_aggregation,L1,mo_ls_na_egbo_w0.00,5,30,10,13897.070928694975,9,10.085464344405654,15,20,0,16862.250722434062,30,0.0
0,mAb_aggregation,L1,mo_ls_na_egbo_w0.00,6,30,10,10325.643406170386,11,8.25730111797049,30,30,1,16862.250722434062,30,0.0
0,mAb_aggregation,L1,mo_ls_na_egbo_w0.00,7,30,10,9240.82807062781,8,7.345347807949481,30,30,0,16862.250722434062,30,0.0
0,mAb_aggregation,L1,mo_ls_na_egbo_w0.00,8,30,10,10961.7438405215,9,6.555167976022461,30,30,1,16862.250722434062,30,0.0
0,mAb_aggregation,L1,mo_ls_na_egbo_w0.00,9,30,10,13844.173030261907,12,4.974967370837216,15,20,0,16862.250722434062,30,0.0
0,mAb_aggregation,L1,mo_ls_na_egbo_w0.00,10,30,10,12286.79045073331,10,5.6862246547948585,20,30,0,16862.250722434062,30,0.0
0,mAb_aggregation,L1,mo_ls_na_egbo_w0.00,11,30,10,12014.981013367616,11,6.816208085431726,25,30,0,16862.250722434062,30,0.0
0,mAb_aggregation,L1,mo_ls_na_egbo_w0.00,12,30,10,9933.49014964006,12,9.115959851624927,30,30,0,16862.250722434062,30,0.0
0,mAb_aggregation,L1,mo_ls_na_egbo_w0.00,13,30,10,9366.916230959761,11,6.3241728203546925,30,30,1,16862.250722434062,30,0.0
0,mAb_aggregation,L1,mo_ls_na_egbo_w0.00,14,30,10,11084.276107704496,8,8.130718244114577,30,30,0,16862.250722434062,30,0.0
0,mAb_aggregation,L1,mo_ls_na_egbo_w0.10,0,30,10,12319.34693264921,4,9.971149732172739,20,30,2,16862.250722434062,30,0.1
0,mAb_aggregation,L1,mo_ls_na_egbo_w0.10,1,30,10,8472.288928619504,7,10.755657768881045,30,30,0,16862.250722434062,30,0.1
0,mAb_aggregation,L1,mo_ls_na_egbo_w0.10,2,30,10,11282.727686150622,8,7.093667479553932,30,30,0,16862.250722434062,30,0.1
0,mAb_aggregation,L1,mo_ls_na_egbo_w0.10,3,30,10,11802.689408749411,8,6.623252568100298,30,30,1,16862.250722434062,30,0.1
0,mAb_aggregation,L1,mo_ls_na_egbo_w0.10,4,30,10,12503.054861133145,9,7.2123885295603944,25,30,0,16862.250722434062,30,0.1
0,mAb_aggregation,L1,mo_ls_na_egbo_w0.10,5,30,10,10747.406695595382,8,7.536749322691927,30,30,0,16862.250722434062,30,0.1
0,mAb_aggregation,L1,mo_ls_na_egbo_w0.10,6,30,10,14276.066517129144,11,6.170272762784799,20,25,0,16862.250722434062,30,0.1
0,mAb_aggregation,L1,mo_ls_na_egbo_w0.10,7,30,10,14947.639629502246,8,8.156634851112925,20,25,0,16862.250722434062,30,0.1
0,mAb_aggregation,L1,mo_ls_na_egbo_w0.10,8,30,10,12854.750211524071,10,5.244955448038152,30,30,0,16862.250722434062,30,0.1
0,mAb_aggregation,L1,mo_ls_na_egbo_w0.10,9,30,10,14173.560652753173,5,8.984278563933923,15,20,0,16862.250722434062,30,0.1
0,mAb_aggregation,L1,mo_ls_na_egbo_w0.10,10,30,10,12643.061636009645,9,10.922026797724468,20,30,0,16862.250722434062,30,0.1
0,mAb_aggregation,L1,mo_ls_na_egbo_w0.10,11,30,10,11995.255742198751,8,9.996035737440513,30,30,0,16862.250722434062,30,0.1
0,mAb_aggregation,L1,mo_ls_na_egbo_w0.10,12,30,10,11212.369176485636,15,8.152895261538982,30,30,0,16862.250722434062,30,0.1
0,mAb_aggregation,L1,mo_ls_na_egbo_w0.10,13,30,10,14630.506008905908,4,11.66179728662488,20,20,2,16862.250722434062,30,0.1
0,mAb_aggregation,L1,mo_ls_na_egbo_w0.10,14,30,10,11271.139339062014,9,6.695434028511911,30,30,0,16862.250722434062,30,0.1
0,mAb_aggregation,L1,mo_ls_na_egbo_w0.15,0,30,10,12509.19880848153,13,4.678522717229091,30,30,0,16862.250722434062,30,0.15
0,mAb_aggregation,L1,mo_ls_na_egbo_w0.15,1,30,10,8427.221130345233,10,6.6803921828533595,30,30,0,16862.250722434062,30,0.15
0,mAb_aggregation,L1,mo_ls_na_egbo_w0.15,2,30,10,11644.879211793053,8,6.725935205149681,30,30,0,16862.250722434062,30,0.15
0,mAb_aggregation,L1,mo_ls_na_egbo_w0.15,3,30,10,11325.476244649897,9,6.275381228986918,30,30,0,16862.250722434062,30,0.15
0,mAb_aggregation,L1,mo_ls_na_egbo_w0.15,4,30,10,12303.789541412069,9,8.636457754419876,30,30,0,16862.250722434062,30,0.15
0,mAb_aggregation,L1,mo_ls_na_egbo_w0.15,5,30,10,13393.57553344613,10,5.054422647537828,20,30,0,16862.250722434062,30,0.15
0,mAb_aggregation,L1,mo_ls_na_egbo_w0.15,6,30,10,14033.125832982309,8,5.570268804774871,20,30,0,16862.250722434062,30,0.15
0,mAb_aggregation,L1,mo_ls_na_egbo_w0.15,7,30,10,11845.455221858803,8,8.401699716526162,30,30,0,16862.250722434062,30,0.15
0,mAb_aggregation,L1,mo_ls_na_egbo_w0.15,8,30,10,13265.706853388418,8,7.0798640202750835,25,30,0,16862.250722434062,30,0.15
0,mAb_aggregation,L1,mo_ls_na_egbo_w0.15,9,30,10,14498.60630928701,8,4.978707809551143,20,20,0,16862.250722434062,30,0.15
0,mAb_aggregation,L1,mo_ls_na_egbo_w0.15,10,30,10,13296.086645666552,7,7.488476552914665,20,30,1,16862.250722434062,30,0.15
0,mAb_aggregation,L1,mo_ls_na_egbo_w0.15,11,30,10,14581.647689267369,7,12.121404845674698,15,30,1,16862.250722434062,30,0.15
0,mAb_aggregation,L1,mo_ls_na_egbo_w0.15,12,30,10,11568.412118688468,8,6.402275510479156,30,30,0,16862.250722434062,30,0.15
0,mAb_aggregation,L1,mo_ls_na_egbo_w0.15,13,30,10,12777.795695723302,9,6.067384739668131,25,30,0,16862.250722434062,30,0.15
0,mAb_aggregation,L1,mo_ls_na_egbo_w0.15,14,30,10,12049.17427469482,10,5.856045767251137,30,30,0,16862.250722434062,30,0.15
0,mAb_aggregation,L1,mo_ls_na_egbo_w0.20,0,30,10,12335.429502269992,6,11.574990315311334,15,30,1,16862.250722434062,30,0.2
0,mAb_aggregation,L1,mo_ls_na_egbo_w0.20,1,30,10,11235.212759051497,7,7.868644783503965,30,30,0,16862.250722434062,30,0.2
0,mAb_aggregation,L1,mo_ls_na_egbo_w0.20,2,30,10,14594.363014323038,7,5.502790852999152,20,25,1,16862.250722434062,30,0.2
0,mAb_aggregation,L1,mo_ls_na_egbo_w0.20,3,30,10,10929.212423663117,13,5.741481016733681,30,30,0,16862.250722434062,30,0.2
0,mAb_aggregation,L1,mo_ls_na_egbo_w0.20,4,30,10,9285.265841661134,12,6.449930855431887,30,30,1,16862.250722434062,30,0.2
0,mAb_aggregation,L1,mo_ls_na_egbo_w0.20,5,30,10,12731.631261058179,10,5.056810489755131,25,30,0,16862.250722434062,30,0.2
0,mAb_aggregation,L1,mo_ls_na_egbo_w0.20,6,30,10,12508.421304215633,10,5.957511751106067,20,30,0,16862.250722434062,30,0.2
0,mAb_aggregation,L1,mo_ls_na_egbo_w0.20,7,30,10,10157.249278022004,9,6.104623226486713,30,30,2,16862.250722434062,30,0.2
0,mAb_aggregation,L1,mo_ls_na_egbo_w0.20,8,30,10,11604.297171698261,6,8.629922109936619,30,30,0,16862.250722434062,30,0.2
0,mAb_aggregation,L1,mo_ls_na_egbo_w0.20,9,30,10,12895.460719426304,11,5.3138643340528535,20,30,0,16862.250722434062,30,0.2
0,mAb_aggregation,L1,mo_ls_na_egbo_w0.20,10,30,10,11381.97633243051,14,4.660235775982565,30,30,0,16862.250722434062,30,0.2
0,mAb_aggregation,L1,mo_ls_na_egbo_w0.20,11,30,10,12497.344046850514,6,8.00294898046531,20,30,0,16862.250722434062,30,0.2
0,mAb_aggregation,L1,mo_ls_na_egbo_w0.20,12,30,10,14975.4520389597,6,12.225458357368273,15,25,0,16862.250722434062,30,0.2
0,mAb_aggregation,L1,mo_ls_na_egbo_w0.20,13,30,10,12033.603831703404,8,5.752763259543877,30,30,0,16862.250722434062,30,0.2
0,mAb_aggregation,L1,mo_ls_na_egbo_w0.20,14,30,10,10445.591071220244,12,5.440570578014785,30,30,0,16862.250722434062,30,0.2
0,mAb_aggregation,L1,mo_ls_na_egbo_w0.30,0,30,10,14910.339480656785,3,19.374465204110493,15,15,2,16862.250722434062,30,0.3
0,mAb_aggregation,L1,mo_ls_na_egbo_w0.30,1,30,10,13984.971033967124,8,9.269759850156774,30,30,0,16862.250722434062,30,0.3
0,mAb_aggregation,L1,mo_ls_na_egbo_w0.30,2,30,10,11848.715340294502,8,5.827096034979399,25,30,1,16862.250722434062,30,0.3
0,mAb_aggregation,L1,mo_ls_na_egbo_w0.30,3,30,10,11164.091419642005,9,6.636031590005757,30,30,0,16862.250722434062,30,0.3
0,mAb_aggregation,L1,mo_ls_na_egbo_w0.30,4,30,10,9668.820867575836,7,8.025337750665232,30,30,2,16862.250722434062,30,0.3
0,mAb_aggregation,L1,mo_ls_na_egbo_w0.30,5,30,10,11894.140654606905,8,12.336398476257664,30,30,0,16862.250722434062,30,0.3
0,mAb_aggregation,L1,mo_ls_na_egbo_w0.30,6,30,10,15787.67070561783,6,12.476537978806252,15,15,0,16862.250722434062,30,0.3
0,mAb_aggregation,L1,mo_ls_na_egbo_w0.30,7,30,10,8442.409056287172,7,6.393924398761857,30,30,1,16862.250722434062,30,0.3
0,mAb_aggregation,L1,mo_ls_na_egbo_w0.30,8,30,10,14308.721749960578,12,6.929451441184534,20,20,0,16862.250722434062,30,0.3
0,mAb_aggregation,L1,mo_ls_na_egbo_w0.30,9,30,10,13320.329505680702,10,6.140154415316515,25,30,1,16862.250722434062,30,0.3
0,mAb_aggregation,L1,mo_ls_na_egbo_w0.30,10,30,10,13139.15173475276,8,9.391392247817592,20,30,1,16862.250722434062,30,0.3
0,mAb_aggregation,L1,mo_ls_na_egbo_w0.30,11,30,10,12294.020873797572,9,6.389952115707518,25,30,0,16862.250722434062,30,0.3
0,mAb_aggregation,L1,mo_ls_na_egbo_w0.30,12,30,10,12876.050328113879,10,6.862518610279361,25,30,0,16862.250722434062,30,0.3
0,mAb_aggregation,L1,mo_ls_na_egbo_w0.30,13,30,10,11107.425652830256,11,5.5415325801659305,30,30,0,16862.250722434062,30,0.3
0,mAb_aggregation,L1,mo_ls_na_egbo_w0.30,14,30,10,10120.769325568892,10,6.321908340515854,30,30,0,16862.250722434062,30,0.3
0,mAb_aggregation,L1,mo_egbo_novelty_w0.00,0,30,10,10443.436675485778,8,7.467474275031073,30,30,0,16862.250722434062,30,0.0
0,mAb_aggregation,L1,mo_egbo_novelty_w0.00,1,30,10,12720.294272714305,10,4.296989094490506,20,30,1,16862.250722434062,30,0.0
0,mAb_aggregation,L1,mo_egbo_novelty_w0.00,2,30,10,11401.48919249895,10,6.102379865115837,30,30,0,16862.250722434062,30,0.0
0,mAb_aggregation,L1,mo_egbo_novelty_w0.00,3,30,10,11498.058386417997,9,8.458248272310062,30,30,0,16862.250722434062,30,0.0
0,mAb_aggregation,L1,mo_egbo_novelty_w0.00,4,30,10,10693.584907109767,5,9.868552809813218,30,30,0,16862.250722434062,30,0.0
0,mAb_aggregation,L1,mo_egbo_novelty_w0.00,5,30,10,11375.255202807091,6,5.782945876239902,30,30,0,16862.250722434062,30,0.0
0,mAb_aggregation,L1,mo_egbo_novelty_w0.00,6,30,10,11227.573657378565,9,6.714293811939933,30,30,0,16862.250722434062,30,0.0
0,mAb_aggregation,L1,mo_egbo_novelty_w0.00,7,30,10,10337.36518844917,14,6.154174719658701,30,30,0,16862.250722434062,30,0.0
0,mAb_aggregation,L1,mo_egbo_novelty_w0.00,8,30,10,12824.261238442523,13,4.491090965847356,30,30,0,16862.250722434062,30,0.0
0,mAb_aggregation,L1,mo_egbo_novelty_w0.00,9,30,10,9842.80915014273,14,4.715111925728958,30,30,0,16862.250722434062,30,0.0
0,mAb_aggregation,L1,mo_egbo_novelty_w0.00,10,30,10,10002.46276222315,8,6.714087116209692,30,30,0,16862.250722434062,30,0.0
0,mAb_aggregation,L1,mo_egbo_novelty_w0.00,11,30,10,11626.687509218431,11,5.322062233023537,30,30,0,16862.250722434062,30,0.0
0,mAb_aggregation,L1,mo_egbo_novelty_w0.00,12,30,10,13289.662331366591,8,5.482576150498548,20,30,0,16862.250722434062,30,0.0
0,mAb_aggregation,L1,mo_egbo_novelty_w0.00,13,30,10,12868.051101337458,9,4.986966310377741,25,30,0,16862.250722434062,30,0.0
0,mAb_aggregation,L1,mo_egbo_novelty_w0.00,14,30,10,12463.792748715085,10,6.329401746857664,30,30,0,16862.250722434062,30,0.0
0,mAb_aggregation,L1,mo_egbo_novelty_w0.10,0,30,10,11775.497248950456,10,5.241035217832367,30,30,1,16862.250722434062,30,0.1
0,mAb_aggregation,L1,mo_egbo_novelty_w0.10,1,30,10,13560.46417288466,11,4.524110575053212,20,30,0,16862.250722434062,30,0.1
0,mAb_aggregation,L1,mo_egbo_novelty_w0.10,2,30,10,11930.457041737516,10,5.547401835025587,30,30,0,16862.250722434062,30,0.1
0,mAb_aggregation,L1,mo_egbo_novelty_w0.10,3,30,10,11627.222023261993,9,7.391528995137958,30,30,0,16862.250722434062,30,0.1
0,mAb_aggregation,L1,mo_egbo_novelty_w0.10,4,30,10,11904.341313457622,7,6.761390680169759,30,30,0,16862.250722434062,30,0.1
0,mAb_aggregation,L1,mo_egbo_novelty_w0.10,5,30,10,11725.810409380674,10,5.893599694099299,30,30,0,16862.250722434062,30,0.1
0,mAb_aggregation,L1,mo_egbo_novelty_w0.10,6,30,10,11725.954444882716,15,4.936688830385126,30,30,0,16862.250722434062,30,0.1
0,mAb_aggregation,L1,mo_egbo_novelty_w0.10,7,30,10,15101.575847594857,9,6.231616107862875,15,15,1,16862.250722434062,30,0.1
0,mAb_aggregation,L1,mo_egbo_novelty_w0.10,8,30,10,10761.658844028496,9,5.122025748454254,30,30,1,16862.250722434062,30,0.1
0,mAb_aggregation,L1,mo_egbo_novelty_w0.10,9,30,10,10527.51441931761,9,6.1588916923080665,30,30,0,16862.250722434062,30,0.1
0,mAb_aggregation,L1,mo_egbo_novelty_w0.10,10,30,10,15806.845462369036,8,10.579352661413397,20,20,1,16862.250722434062,30,0.1
0,mAb_aggregation,L1,mo_egbo_novelty_w0.10,11,30,10,13593.795493423171,8,5.258167181396385,25,25,0,16862.250722434062,30,0.1
0,mAb_aggregation,L1,mo_egbo_novelty_w0.10,12,30,10,13466.23535135615,11,5.704827183996779,20,30,0,16862.250722434062,30,0.1
0,mAb_aggregation,L1,mo_egbo_novelty_w0.10,13,30,10,10627.263937468864,8,6.779922032730672,30,30,1,16862.250722434062,30,0.1
0,mAb_aggregation,L1,mo_egbo_novelty_w0.10,14,30,10,8415.895462341621,11,9.506469180277733,30,30,1,16862.250722434062,30,0.1
0,mAb_aggregation,L1,mo_egbo_novelty_w0.15,0,30,10,13198.393506943281,11,5.684933906721547,20,30,0,16862.250722434062,30,0.15
0,mAb_aggregation,L1,mo_egbo_novelty_w0.15,1,30,10,13813.382291566539,6,6.7128374338958565,20,30,0,16862.250722434062,30,0.15
0,mAb_aggregation,L1,mo_egbo_novelty_w0.15,2,30,10,9781.654861707055,12,5.205509240943862,30,30,0,16862.250722434062,30,0.15
0,mAb_aggregation,L1,mo_egbo_novelty_w0.15,3,30,10,12474.835187533447,7,10.317020313180631,20,30,0,16862.250722434062,30,0.15
0,mAb_aggregation,L1,mo_egbo_novelty_w0.15,4,30,10,11387.773710097701,8,6.515219715929757,30,30,0,16862.250722434062,30,0.15
0,mAb_aggregation,L1,mo_egbo_novelty_w0.15,5,30,10,10400.437001728742,7,7.851959283315763,30,30,0,16862.250722434062,30,0.15
0,mAb_aggregation,L1,mo_egbo_novelty_w0.15,6,30,10,9474.358986112642,8,7.377668139252825,30,30,0,16862.250722434062,30,0.15
0,mAb_aggregation,L1,mo_egbo_novelty_w0.15,7,30,10,12880.642761685116,13,5.544926718988633,30,30,0,16862.250722434062,30,0.15
0,mAb_aggregation,L1,mo_egbo_novelty_w0.15,8,30,10,10753.563892473632,9,7.054826990186017,30,30,0,16862.250722434062,30,0.15
0,mAb_aggregation,L1,mo_egbo_novelty_w0.15,9,30,10,12748.22365777122,10,4.631223365404252,20,30,0,16862.250722434062,30,0.15
0,mAb_aggregation,L1,mo_egbo_novelty_w0.15,10,30,10,11791.194036237326,10,6.427018273589852,30,30,0,16862.250722434062,30,0.15
0,mAb_aggregation,L1,mo_egbo_novelty_w0.15,11,30,10,11861.221255233788,9,6.042725049780324,30,30,0,16862.250722434062,30,0.15
0,mAb_aggregation,L1,mo_egbo_novelty_w0.15,12,30,10,16575.422308048153,7,5.777430973147843,20,20,0,16862.250722434062,30,0.15
0,mAb_aggregation,L1,mo_egbo_novelty_w0.15,13,30,10,13132.678753035514,8,7.08844524117673,20,30,0,16862.250722434062,30,0.15
0,mAb_aggregation,L1,mo_egbo_novelty_w0.15,14,30,10,17405.94189306257,8,6.225343253738727,20,20,0,16862.250722434062,30,0.15
0,mAb_aggregation,L1,mo_egbo_novelty_w0.20,0,30,10,7491.347606236417,10,6.4615466284452525,30,30,0,16862.250722434062,30,0.2
0,mAb_aggregation,L1,mo_egbo_novelty_w0.20,1,30,10,12563.644030998257,5,7.21716740961936,30,30,1,16862.250722434062,30,0.2
0,mAb_aggregation,L1,mo_egbo_novelty_w0.20,2,30,10,9184.562241439258,8,8.733739794320156,30,30,0,16862.250722434062,30,0.2
0,mAb_aggregation,L1,mo_egbo_novelty_w0.20,3,30,10,11044.479337135806,10,5.8025469447508105,30,30,0,16862.250722434062,30,0.2
0,mAb_aggregation,L1,mo_egbo_novelty_w0.20,4,30,10,16035.081770184885,3,15.899979822936922,30,30,0,16862.250722434062,30,0.2
0,mAb_aggregation,L1,mo_egbo_novelty_w0.20,5,30,10,10239.82018101985,15,5.335390124009064,30,30,0,16862.250722434062,30,0.2
0,mAb_aggregation,L1,mo_egbo_novelty_w0.20,6,30,10,13135.548955037048,8,7.701828154422384,30,30,0,16862.250722434062,30,0.2
0,mAb_aggregation,L1,mo_egbo_novelty_w0.20,7,30,10,10285.248444203191,12,5.96142188690263,30,30,0,16862.250722434062,30,0.2
0,mAb_aggregation,L1,mo_egbo_novelty_w0.20,8,30,10,11687.70957950042,10,5.268881714624371,30,30,0,16862.250722434062,30,0.2
0,mAb_aggregation,L1,mo_egbo_novelty_w0.20,9,30,10,14643.025511074902,6,11.301663363792278,25,25,0,16862.250722434062,30,0.2
0,mAb_aggregation,L1,mo_egbo_novelty_w0.20,10,30,10,10658.95310328291,11,5.607728759461969,30,30,0,16862.250722434062,30,0.2
0,mAb_aggregation,L1,mo_egbo_novelty_w0.20,11,30,10,11049.281354423836,9,6.15073787982625,30,30,0,16862.250722434062,30,0.2
0,mAb_aggregation,L1,mo_egbo_novelty_w0.20,12,30,10,11421.306753262259,10,4.6805593280142945,30,30,0,16862.250722434062,30,0.2
0,mAb_aggregation,L1,mo_egbo_novelty_w0.20,13,30,10,12355.774692172818,8,11.166157831683758,30,30,0,16862.250722434062,30,0.2
0,mAb_aggregation,L1,mo_egbo_novelty_w0.20,14,30,10,12385.335019364691,7,6.293196964358961,30,30,0,16862.250722434062,30,0.2
0,mAb_aggregation,L1,mo_egbo_novelty_w0.30,0,30,10,8797.857848125748,11,5.873922704232376,30,30,0,16862.250722434062,30,0.3
0,mAb_aggregation,L1,mo_egbo_novelty_w0.30,1,30,10,15088.708236213344,9,4.812520028516238,15,25,1,16862.250722434062,30,0.3
0,mAb_aggregation,L1,mo_egbo_novelty_w0.30,2,30,10,11411.202907695399,6,8.105893921400655,30,30,0,16862.250722434062,30,0.3
0,mAb_aggregation,L1,mo_egbo_novelty_w0.30,3,30,10,15105.456223358768,5,7.777029454685278,15,20,1,16862.250722434062,30,0.3
0,mAb_aggregation,L1,mo_egbo_novelty_w0.30,4,30,10,10978.33976482275,7,6.1687648212275565,30,30,0,16862.250722434062,30,0.3
0,mAb_aggregation,L1,mo_egbo_novelty_w0.30,5,30,10,10693.446604496927,8,5.939765992248088,30,30,1,16862.250722434062,30,0.3
0,mAb_aggregation,L1,mo_egbo_novelty_w0.30,6,30,10,10933.645723096333,9,6.3893662678539345,30,30,0,16862.250722434062,30,0.3
0,mAb_aggregation,L1,mo_egbo_novelty_w0.30,7,30,10,11711.61941036077,7,6.246242573495022,30,30,1,16862.250722434062,30,0.3
0,mAb_aggregation,L1,mo_egbo_novelty_w0.30,8,30,10,8551.527401372077,12,6.2449177544014045,30,30,0,16862.250722434062,30,0.3
0,mAb_aggregation,L1,mo_egbo_novelty_w0.30,9,30,10,10580.159865151112,7,7.929090939792771,30,30,0,16862.250722434062,30,0.3
0,mAb_aggregation,L1,mo_egbo_novelty_w0.30,10,30,10,12835.550158551769,9,4.754580528768497,30,30,1,16862.250722434062,30,0.3
0,mAb_aggregation,L1,mo_egbo_novelty_w0.30,11,30,10,12467.321867319426,7,9.121977042133318,25,30,0,16862.250722434062,30,0.3
0,mAb_aggregation,L1,mo_egbo_novelty_w0.30,12,30,10,12452.341088575842,6,7.571427736244165,25,30,1,16862.250722434062,30,0.3
0,mAb_aggregation,L1,mo_egbo_novelty_w0.30,13,30,10,10799.925721029042,8,6.0594178122537325,30,30,0,16862.250722434062,30,0.3
0,mAb_aggregation,L1,mo_egbo_novelty_w0.30,14,30,10,8606.374738696602,11,8.49769476074512,30,30,0,16862.250722434062,30,0.3
0,mAb_aggregation,blank,mo_ls_egbo,0,30,10,9017.778622604914,10,6.990332959519792,30,30,0,16862.250722434062,30,-1.0
0,mAb_aggregation,blank,mo_ls_egbo,1,30,10,13549.261255333358,12,5.3766085011970395,30,30,0,16862.250722434062,30,-1.0
0,mAb_aggregation,blank,mo_ls_egbo,2,30,10,17037.724387870556,5,6.777797050500898,15,15,0,16862.250722434062,30,-1.0
0,mAb_aggregation,blank,mo_ls_egbo,3,30,10,9642.622345239244,8,6.003880714678717,30,30,0,16862.250722434062,30,-1.0
0,mAb_aggregation,blank,mo_ls_egbo,4,30,10,9717.000835289688,13,5.158266859603648,30,30,0,16862.250722434062,30,-1.0
0,mAb_aggregation,blank,mo_ls_egbo,5,30,10,16143.425144790093,9,9.713862469585546,15,20,0,16862.250722434062,30,-1.0
0,mAb_aggregation,blank,mo_ls_egbo,6,30,10,10212.741131540635,9,6.925400884956252,30,30,0,16862.250722434062,30,-1.0
0,mAb_aggregation,blank,mo_ls_egbo,7,30,10,9955.875129644666,6,10.910267705282141,30,30,0,16862.250722434062,30,-1.0
0,mAb_aggregation,blank,mo_ls_egbo,8,30,10,11127.133191893667,11,6.484717736238313,30,30,0,16862.250722434062,30,-1.0
0,mAb_aggregation,blank,mo_ls_egbo,9,30,10,12940.19970781107,5,10.85057996099021,20,30,0,16862.250722434062,30,-1.0
0,mAb_aggregation,blank,mo_ls_egbo,10,30,10,10135.272619869636,10,5.131613375455224,30,30,0,16862.250722434062,30,-1.0
0,mAb_aggregation,blank,mo_ls_egbo,11,30,10,10543.788860698009,10,5.705893133365271,30,30,0,16862.250722434062,30,-1.0
0,mAb_aggregation,blank,mo_ls_egbo,12,30,10,14500.896216124318,9,5.847703372383449,15,20,0,16862.250722434062,30,-1.0
0,mAb_aggregation,blank,mo_ls_egbo,13,30,10,10878.81773973564,13,5.517193616722878,30,30,0,16862.250722434062,30,-1.0
0,mAb_aggregation,blank,mo_ls_egbo,14,30,10,15603.543724157507,8,7.457949238021889,20,20,0,16862.250722434062,30,-1.0
0,mAb_aggregation,blank,mo_ls_na_egbo_w0.00,0,30,10,12644.73333031371,7,7.058064808117453,25,30,0,16862.250722434062,30,0.0
0,mAb_aggregation,blank,mo_ls_na_egbo_w0.00,1,30,10,11208.840297392291,8,7.783112751225855,30,30,0,16862.250722434062,30,0.0
0,mAb_aggregation,blank,mo_ls_na_egbo_w0.00,2,30,10,13831.919450724108,5,12.296078950297213,25,25,0,16862.250722434062,30,0.0
0,mAb_aggregation,blank,mo_ls_na_egbo_w0.00,3,30,10,9861.179286671262,9,4.756974162214791,30,30,0,16862.250722434062,30,0.0
0,mAb_aggregation,blank,mo_ls_na_egbo_w0.00,4,30,10,11975.281789432096,12,4.647348169535804,30,30,0,16862.250722434062,30,0.0
0,mAb_aggregation,blank,mo_ls_na_egbo_w0.00,5,30,10,12626.792403595955,7,5.162412328213879,30,30,1,16862.250722434062,30,0.0
0,mAb_aggregation,blank,mo_ls_na_egbo_w0.00,6,30,10,14150.679859109112,6,9.50684063382894,15,20,0,16862.250722434062,30,0.0
0,mAb_aggregation,blank,mo_ls_na_egbo_w0.00,7,30,10,11153.089698707912,6,12.52827956210174,30,30,0,16862.250722434062,30,0.0
0,mAb_aggregation,blank,mo_ls_na_egbo_w0.00,8,30,10,10620.578946240148,6,5.7518293865908685,30,30,2,16862.250722434062,30,0.0
0,mAb_aggregation,blank,mo_ls_na_egbo_w0.00,9,30,10,11947.798545347869,10,6.635081808689387,25,30,0,16862.250722434062,30,0.0
0,mAb_aggregation,blank,mo_ls_na_egbo_w0.00,10,30,10,11985.52325208569,7,6.024441759757167,20,30,2,16862.250722434062,30,0.0
0,mAb_aggregation,blank,mo_ls_na_egbo_w0.00,11,30,10,10732.67039324916,10,7.621377906590138,30,30,1,16862.250722434062,30,0.0
0,mAb_aggregation,blank,mo_ls_na_egbo_w0.00,12,30,10,11948.871009770375,11,4.921111626639053,25,30,0,16862.250722434062,30,0.0
0,mAb_aggregation,blank,mo_ls_na_egbo_w0.00,13,30,10,9764.65423657446,10,6.851870018325468,30,30,0,16862.250722434062,30,0.0
0,mAb_aggregation,blank,mo_ls_na_egbo_w0.00,14,30,10,13092.870692783967,8,7.05104846506518,30,30,0,16862.250722434062,30,0.0
0,mAb_aggregation,blank,mo_ls_na_egbo_w0.10,0,30,10,13174.68726659192,5,7.1310061859437965,15,30,1,16862.250722434062,30,0.1
0,mAb_aggregation,blank,mo_ls_na_egbo_w0.10,1,30,10,11118.286252032305,6,6.677776012692865,30,30,0,16862.250722434062,30,0.1
0,mAb_aggregation,blank,mo_ls_na_egbo_w0.10,2,30,10,11225.687052902535,6,7.778237723202397,30,30,2,16862.250722434062,30,0.1
0,mAb_aggregation,blank,mo_ls_na_egbo_w0.10,3,30,10,11572.11476769346,10,5.598572337264653,30,30,0,16862.250722434062,30,0.1
0,mAb_aggregation,blank,mo_ls_na_egbo_w0.10,4,30,10,12187.225662881503,10,6.601447296702279,25,30,0,16862.250722434062,30,0.1
0,mAb_aggregation,blank,mo_ls_na_egbo_w0.10,5,30,10,10643.891281075856,6,9.35829720394447,30,30,1,16862.250722434062,30,0.1
0,mAb_aggregation,blank,mo_ls_na_egbo_w0.10,6,30,10,14395.662194843731,10,7.497746671960989,20,25,0,16862.250722434062,30,0.1
0,mAb_aggregation,blank,mo_ls_na_egbo_w0.10,7,30,10,16291.211873834529,2,15.006324703056672,20,20,1,16862.250722434062,30,0.1
0,mAb_aggregation,blank,mo_ls_na_egbo_w0.10,8,30,10,13772.975740933118,8,5.743653104617096,15,30,0,16862.250722434062,30,0.1
0,mAb_aggregation,blank,mo_ls_na_egbo_w0.10,9,30,10,13972.541435052464,4,9.627227115807187,15,15,2,16862.250722434062,30,0.1
0,mAb_aggregation,blank,mo_ls_na_egbo_w0.10,10,30,10,11609.074978807394,4,8.357896497067825,30,30,1,16862.250722434062,30,0.1
0,mAb_aggregation,blank,mo_ls_na_egbo_w0.10,11,30,10,10833.330498354993,10,6.778506008269356,30,30,0,16862.250722434062,30,0.1
0,mAb_aggregation,blank,mo_ls_na_egbo_w0.10,12,30,10,15019.02854603277,5,11.293905015214294,15,15,0,16862.250722434062,30,0.1
0,mAb_aggregation,blank,mo_ls_na_egbo_w0.10,13,30,10,11624.235073940341,9,8.59206197209258,30,30,0,16862.250722434062,30,0.1
0,mAb_aggregation,blank,mo_ls_na_egbo_w0.10,14,30,10,13523.506817236215,6,8.637883332762831,20,30,0,16862.250722434062,30,0.1
0,mAb_aggregation,blank,mo_ls_na_egbo_w0.15,0,30,10,11605.499440889767,4,7.966945159100387,30,30,1,16862.250722434062,30,0.15
0,mAb_aggregation,blank,mo_ls_na_egbo_w0.15,1,30,10,10671.06793734063,10,6.340953668314404,30,30,0,16862.250722434062,30,0.15
0,mAb_aggregation,blank,mo_ls_na_egbo_w0.15,2,30,10,12934.095806281533,6,7.237528507245324,20,30,0,16862.250722434062,30,0.15
0,mAb_aggregation,blank,mo_ls_na_egbo_w0.15,3,30,10,11397.509060094437,9,6.525031728516704,30,30,0,16862.250722434062,30,0.15
0,mAb_aggregation,blank,mo_ls_na_egbo_w0.15,4,30,10,11727.341389343073,10,6.990280890475627,30,30,0,16862.250722434062,30,0.15
0,mAb_aggregation,blank,mo_ls_na_egbo_w0.15,5,30,10,11052.06600832883,10,5.9040499119697385,30,30,0,16862.250722434062,30,0.15
0,mAb_aggregation,blank,mo_ls_na_egbo_w0.15,6,30,10,12596.293795187428,5,7.486809084731613,15,30,0,16862.250722434062,30,0.15
0,mAb_aggregation,blank,mo_ls_na_egbo_w0.15,7,30,10,14424.487157948703,8,11.857493798059341,20,25,1,16862.250722434062,30,0.15
0,mAb_aggregation,blank,mo_ls_na_egbo_w0.15,8,30,10,12353.807542437416,8,6.227976780683595,30,30,0,16862.250722434062,30,0.15
0,mAb_aggregation,blank,mo_ls_na_egbo_w0.15,9,30,10,11268.196387064136,10,8.640789811557958,30,30,0,16862.250722434062,30,0.15
0,mAb_aggregation,blank,mo_ls_na_egbo_w0.15,10,30,10,12282.974817261282,8,5.710641203571906,25,30,0,16862.250722434062,30,0.15
0,mAb_aggregation,blank,mo_ls_na_egbo_w0.15,11,30,10,13531.904902978651,6,8.940306750811464,25,30,0,16862.250722434062,30,0.15
0,mAb_aggregation,blank,mo_ls_na_egbo_w0.15,12,30,10,12881.995259647285,6,8.048255682828275,25,30,1,16862.250722434062,30,0.15
0,mAb_aggregation,blank,mo_ls_na_egbo_w0.15,13,30,10,14740.22649128018,9,6.229827140011193,15,15,1,16862.250722434062,30,0.15
0,mAb_aggregation,blank,mo_ls_na_egbo_w0.15,14,30,10,10448.79317538708,11,5.460687722050699,30,30,0,16862.250722434062,30,0.15
0,mAb_aggregation,blank,mo_ls_na_egbo_w0.20,0,30,10,11401.14810422365,4,7.875768111807099,30,30,1,16862.250722434062,30,0.2
0,mAb_aggregation,blank,mo_ls_na_egbo_w0.20,1,30,10,9460.168922006158,9,6.859272542285523,30,30,0,16862.250722434062,30,0.2
0,mAb_aggregation,blank,mo_ls_na_egbo_w0.20,2,30,10,12760.649629666732,4,8.36790370262137,15,30,1,16862.250722434062,30,0.2
0,mAb_aggregation,blank,mo_ls_na_egbo_w0.20,3,30,10,13582.719578875438,9,5.424392489969198,25,30,0,16862.250722434062,30,0.2
0,mAb_aggregation,blank,mo_ls_na_egbo_w0.20,4,30,10,11539.463918963707,12,4.863112190953818,30,30,0,16862.250722434062,30,0.2
0,mAb_aggregation,blank,mo_ls_na_egbo_w0.20,5,30,10,11589.32231734229,5,7.381387859472242,30,30,0,16862.250722434062,30,0.2
0,mAb_aggregation,blank,mo_ls_na_egbo_w0.20,6,30,10,13804.341577921565,9,9.86999756583562,20,20,0,16862.250722434062,30,0.2
0,mAb_aggregation,blank,mo_ls_na_egbo_w0.20,7,30,10,10264.792563265164,8,5.467359764361472,30,30,0,16862.250722434062,30,0.2
0,mAb_aggregation,blank,mo_ls_na_egbo_w0.20,8,30,10,12759.734486536716,4,11.499325577699388,20,30,1,16862.250722434062,30,0.2
0,mAb_aggregation,blank,mo_ls_na_egbo_w0.20,9,30,10,14656.144839183973,6,11.690506249752028,15,20,1,16862.250722434062,30,0.2
0,mAb_aggregation,blank,mo_ls_na_egbo_w0.20,10,30,10,10592.954955716736,12,5.1605347410356766,30,30,0,16862.250722434062,30,0.2
0,mAb_aggregation,blank,mo_ls_na_egbo_w0.20,11,30,10,11487.361165735707,9,6.9737400570311205,30,30,0,16862.250722434062,30,0.2
0,mAb_aggregation,blank,mo_ls_na_egbo_w0.20,12,30,10,13577.407013340824,8,6.209934676484727,15,30,0,16862.250722434062,30,0.2
0,mAb_aggregation,blank,mo_ls_na_egbo_w0.20,13,30,10,12947.64114706916,4,10.934220855517335,15,30,1,16862.250722434062,30,0.2
0,mAb_aggregation,blank,mo_ls_na_egbo_w0.20,14,30,10,11950.519574270467,10,6.131009175375249,25,30,0,16862.250722434062,30,0.2
0,mAb_aggregation,blank,mo_ls_na_egbo_w0.30,0,30,10,12612.53715413042,10,6.564501878457127,25,30,0,16862.250722434062,30,0.3
0,mAb_aggregation,blank,mo_ls_na_egbo_w0.30,1,30,10,11776.552372996275,8,5.471013155098791,30,30,0,16862.250722434062,30,0.3
0,mAb_aggregation,blank,mo_ls_na_egbo_w0.30,2,30,10,9829.979046828166,4,13.19816914938165,30,30,1,16862.250722434062,30,0.3
0,mAb_aggregation,blank,mo_ls_na_egbo_w0.30,3,30,10,12573.77852171438,6,8.365676763095387,20,30,1,16862.250722434062,30,0.3
0,mAb_aggregation,blank,mo_ls_na_egbo_w0.30,4,30,10,12178.273808460033,7,8.257117139124961,30,30,0,16862.250722434062,30,0.3
0,mAb_aggregation,blank,mo_ls_na_egbo_w0.30,5,30,10,12122.088800703325,6,6.106888157885492,25,30,0,16862.250722434062,30,0.3
0,mAb_aggregation,blank,mo_ls_na_egbo_w0.30,6,30,10,15464.97334192473,7,6.025777319986155,15,15,1,16862.250722434062,30,0.3
0,mAb_aggregation,blank,mo_ls_na_egbo_w0.30,7,30,10,9879.643629939803,10,5.859088046917691,30,30,0,16862.250722434062,30,0.3
0,mAb_aggregation,blank,mo_ls_na_egbo_w0.30,8,30,10,12956.186905325501,12,7.5962118443546816,20,30,0,16862.250722434062,30,0.3
0,mAb_aggregation,blank,mo_ls_na_egbo_w0.30,9,30,10,12443.096803446677,6,8.820551255128576,25,30,0,16862.250722434062,30,0.3
0,mAb_aggregation,blank,mo_ls_na_egbo_w0.30,10,30,10,12254.347589322764,8,6.549924517227896,30,30,0,16862.250722434062,30,0.3
0,mAb_aggregation,blank,mo_ls_na_egbo_w0.30,11,30,10,11623.457273870164,10,5.437579363129108,30,30,0,16862.250722434062,30,0.3
0,mAb_aggregation,blank,mo_ls_na_egbo_w0.30,12,30,10,13658.302863001665,9,6.9242229331230565,15,20,0,16862.250722434062,30,0.3
0,mAb_aggregation,blank,mo_ls_na_egbo_w0.30,13,30,10,11835.52999017906,6,10.974815547047777,30,30,0,16862.250722434062,30,0.3
0,mAb_aggregation,blank,mo_ls_na_egbo_w0.30,14,30,10,8514.414250772328,11,8.090567177397462,30,30,0,16862.250722434062,30,0.3
0,mAb_aggregation,blank,mo_egbo_novelty_w0.00,0,30,10,12298.475646252891,6,5.560221451103649,25,30,1,16862.250722434062,30,0.0
0,mAb_aggregation,blank,mo_egbo_novelty_w0.00,1,30,10,11870.818172911577,8,5.599743591126323,30,30,0,16862.250722434062,30,0.0
0,mAb_aggregation,blank,mo_egbo_novelty_w0.00,2,30,10,13866.877860579141,5,7.595990091491849,15,20,1,16862.250722434062,30,0.0
0,mAb_aggregation,blank,mo_egbo_novelty_w0.00,3,30,10,10851.336308178632,8,7.434476551862445,30,30,0,16862.250722434062,30,0.0
0,mAb_aggregation,blank,mo_egbo_novelty_w0.00,4,30,10,11683.876323229235,10,6.418709802144659,30,30,0,16862.250722434062,30,0.0
0,mAb_aggregation,blank,mo_egbo_novelty_w0.00,5,30,10,10253.484804935286,12,5.596837661651256,30,30,0,16862.250722434062,30,0.0
0,mAb_aggregation,blank,mo_egbo_novelty_w0.00,6,30,10,11324.823665351356,10,7.083796385276763,30,30,0,16862.250722434062,30,0.0
0,mAb_aggregation,blank,mo_egbo_novelty_w0.00,7,30,10,11430.112746610079,10,5.793710478365998,30,30,0,16862.250722434062,30,0.0
0,mAb_aggregation,blank,mo_egbo_novelty_w0.00,8,30,10,13362.473290193957,10,5.4295800333599304,20,30,0,16862.250722434062,30,0.0
0,mAb_aggregation,blank,mo_egbo_novelty_w0.00,9,30,10,10808.823720332546,13,5.2977095444754605,30,30,0,16862.250722434062,30,0.0
0,mAb_aggregation,blank,mo_egbo_novelty_w0.00,10,30,10,13624.71294507112,10,5.049645730025133,25,30,0,16862.250722434062,30,0.0
0,mAb_aggregation,blank,mo_egbo_novelty_w0.00,11,30,10,11500.397020002736,10,7.9510120130982695,30,30,0,16862.250722434062,30,0.0
0,mAb_aggregation,blank,mo_egbo_novelty_w0.00,12,30,10,13281.980475643328,7,6.340209305951729,20,30,1,16862.250722434062,30,0.0
0,mAb_aggregation,blank,mo_egbo_novelty_w0.00,13,30,10,11764.169422877658,9,5.059381517749134,30,30,1,16862.250722434062,30,0.0
0,mAb_aggregation,blank,mo_egbo_novelty_w0.00,14,30,10,15669.077089605496,3,15.306668664703345,20,20,1,16862.250722434062,30,0.0
0,mAb_aggregation,blank,mo_egbo_novelty_w0.10,0,30,10,10324.80542290727,10,5.581557987604803,30,30,0,16862.250722434062,30,0.1
0,mAb_aggregation,blank,mo_egbo_novelty_w0.10,1,30,10,10552.490960359903,9,7.355059147671263,30,30,0,16862.250722434062,30,0.1
0,mAb_aggregation,blank,mo_egbo_novelty_w0.10,2,30,10,11933.850214763557,11,5.158497014382443,30,30,0,16862.250722434062,30,0.1
0,mAb_aggregation,blank,mo_egbo_novelty_w0.10,3,30,10,10007.573198201344,9,6.647022717762263,30,30,0,16862.250722434062,30,0.1
0,mAb_aggregation,blank,mo_egbo_novelty_w0.10,4,30,10,10201.24321782275,5,7.241303057406523,30,30,1,16862.250722434062,30,0.1
0,mAb_aggregation,blank,mo_egbo_novelty_w0.10,5,30,10,11075.68038436063,7,6.851195332353769,30,30,0,16862.250722434062,30,0.1
0,mAb_aggregation,blank,mo_egbo_novelty_w0.10,6,30,10,11073.385760789486,13,5.370187751657212,30,30,0,16862.250722434062,30,0.1
0,mAb_aggregation,blank,mo_egbo_novelty_w0.10,7,30,10,13786.003791748695,10,5.292237460395003,15,25,0,16862.250722434062,30,0.1
0,mAb_aggregation,blank,mo_egbo_novelty_w0.10,8,30,10,10529.18011400336,11,4.806489239005555,30,30,0,16862.250722434062,30,0.1
0,mAb_aggregation,blank,mo_egbo_novelty_w0.10,9,30,10,11555.270322789389,9,5.216112386405757,30,30,0,16862.250722434062,30,0.1
0,mAb_aggregation,blank,mo_egbo_novelty_w0.10,10,30,10,14275.25907014323,9,7.255844324987414,20,25,0,16862.250722434062,30,0.1
0,mAb_aggregation,blank,mo_egbo_novelty_w0.10,11,30,10,10740.653067939655,7,7.805521634560822,30,30,0,16862.250722434062,30,0.1
0,mAb_aggregation,blank,mo_egbo_novelty_w0.10,12,30,10,10183.331709362154,10,5.142870331014695,30,30,0,16862.250722434062,30,0.1
0,mAb_aggregation,blank,mo_egbo_novelty_w0.10,13,30,10,10350.910393410615,8,5.749216688316308,30,30,2,16862.250722434062,30,0.1
0,mAb_aggregation,blank,mo_egbo_novelty_w0.10,14,30,10,11354.078424225321,9,7.049063707341048,30,30,0,16862.250722434062,30,0.1
0,mAb_aggregation,blank,mo_egbo_novelty_w0.15,0,30,10,12901.092109200032,8,6.718020839179789,30,30,0,16862.250722434062,30,0.15
0,mAb_aggregation,blank,mo_egbo_novelty_w0.15,1,30,10,13670.449600471897,7,7.402074342711382,15,30,0,16862.250722434062,30,0.15
0,mAb_aggregation,blank,mo_egbo_novelty_w0.15,2,30,10,13562.502357248395,6,5.8832679459804735,30,30,0,16862.250722434062,30,0.15
0,mAb_aggregation,blank,mo_egbo_novelty_w0.15,3,30,10,12128.28999904752,8,5.876963992237393,25,30,0,16862.250722434062,30,0.15
0,mAb_aggregation,blank,mo_egbo_novelty_w0.15,4,30,10,8867.247241250323,6,9.351831277091897,30,30,1,16862.250722434062,30,0.15
0,mAb_aggregation,blank,mo_egbo_novelty_w0.15,5,30,10,12705.110252335175,6,9.255083111614082,25,30,0,16862.250722434062,30,0.15
0,mAb_aggregation,blank,mo_egbo_novelty_w0.15,6,30,10,9720.428491003388,13,6.065209910972841,30,30,0,16862.250722434062,30,0.15
0,mAb_aggregation,blank,mo_egbo_novelty_w0.15,7,30,10,11613.09154015308,9,6.11993510033457,30,30,0,16862.250722434062,30,0.15
0,mAb_aggregation,blank,mo_egbo_novelty_w0.15,8,30,10,11630.189261688429,14,4.423189161620056,30,30,0,16862.250722434062,30,0.15
0,mAb_aggregation,blank,mo_egbo_novelty_w0.15,9,30,10,10876.860113493118,9,7.624934406295413,30,30,0,16862.250722434062,30,0.15
0,mAb_aggregation,blank,mo_egbo_novelty_w0.15,10,30,10,10639.004919735478,10,7.541683255528528,30,30,0,16862.250722434062,30,0.15
0,mAb_aggregation,blank,mo_egbo_novelty_w0.15,11,30,10,13450.685227782436,7,4.80141098335667,25,30,0,16862.250722434062,30,0.15
0,mAb_aggregation,blank,mo_egbo_novelty_w0.15,12,30,10,14330.101652283509,8,6.462375470784622,20,30,0,16862.250722434062,30,0.15
0,mAb_aggregation,blank,mo_egbo_novelty_w0.15,13,30,10,12305.468616479999,7,5.988327986506204,20,30,1,16862.250722434062,30,0.15
0,mAb_aggregation,blank,mo_egbo_novelty_w0.15,14,30,10,12149.621475186568,7,7.638388291818402,30,30,0,16862.250722434062,30,0.15
0,mAb_aggregation,blank,mo_egbo_novelty_w0.20,0,30,10,8058.841075092647,11,7.847120199016547,30,30,0,16862.250722434062,30,0.2
0,mAb_aggregation,blank,mo_egbo_novelty_w0.20,1,30,10,13577.823229353322,8,7.713750267288795,15,30,0,16862.250722434062,30,0.2
0,mAb_aggregation,blank,mo_egbo_novelty_w0.20,2,30,10,10796.264345847901,12,5.917557112743544,30,30,1,16862.250722434062,30,0.2
0,mAb_aggregation,blank,mo_egbo_novelty_w0.20,3,30,10,12053.525972079302,7,6.8200120320744455,30,30,0,16862.250722434062,30,0.2
0,mAb_aggregation,blank,mo_egbo_novelty_w0.20,4,30,10,9885.204198164241,8,5.707885882159724,30,30,0,16862.250722434062,30,0.2
0,mAb_aggregation,blank,mo_egbo_novelty_w0.20,5,30,10,8904.368346486712,10,6.8989724389292855,30,30,0,16862.250722434062,30,0.2
0,mAb_aggregation,blank,mo_egbo_novelty_w0.20,6,30,10,11269.774941070264,12,6.332302922209174,30,30,0,16862.250722434062,30,0.2
0,mAb_aggregation,blank,mo_egbo_novelty_w0.20,7,30,10,12214.685645933443,10,5.078676424594074,30,30,0,16862.250722434062,30,0.2
0,mAb_aggregation,blank,mo_egbo_novelty_w0.20,8,30,10,10284.561737209126,9,6.047414044283898,30,30,0,16862.250722434062,30,0.2
0,mAb_aggregation,blank,mo_egbo_novelty_w0.20,9,30,10,12044.241804577388,9,6.6776393341263125,25,30,0,16862.250722434062,30,0.2
0,mAb_aggregation,blank,mo_egbo_novelty_w0.20,10,30,10,14467.711746209477,12,5.443355622770813,15,15,0,16862.250722434062,30,0.2
0,mAb_aggregation,blank,mo_egbo_novelty_w0.20,11,30,10,9880.396683539864,10,6.662908943057826,30,30,0,16862.250722434062,30,0.2
0,mAb_aggregation,blank,mo_egbo_novelty_w0.20,12,30,10,7975.818450496483,9,5.299040768595013,30,30,0,16862.250722434062,30,0.2
0,mAb_aggregation,blank,mo_egbo_novelty_w0.20,13,30,10,12458.233910412655,5,7.377390745247781,25,30,1,16862.250722434062,30,0.2
0,mAb_aggregation,blank,mo_egbo_novelty_w0.20,14,30,10,13211.297916247995,8,6.259876943463527,30,30,0,16862.250722434062,30,0.2
0,mAb_aggregation,blank,mo_egbo_novelty_w0.30,0,30,10,8841.497356207165,11,5.751577159479047,30,30,0,16862.250722434062,30,0.3
0,mAb_aggregation,blank,mo_egbo_novelty_w0.30,1,30,10,14873.061583593895,8,5.644829555080981,20,25,0,16862.250722434062,30,0.3
0,mAb_aggregation,blank,mo_egbo_novelty_w0.30,2,30,10,12343.819060432514,8,6.3012582807394795,30,30,0,16862.250722434062,30,0.3
0,mAb_aggregation,blank,mo_egbo_novelty_w0.30,3,30,10,13703.567060948619,9,7.019869861199324,20,25,0,16862.250722434062,30,0.3
0,mAb_aggregation,blank,mo_egbo_novelty_w0.30,4,30,10,9915.879512046036,7,9.379870442042426,30,30,0,16862.250722434062,30,0.3
0,mAb_aggregation,blank,mo_egbo_novelty_w0.30,5,30,10,6876.701275624617,13,7.214205944981087,30,30,0,16862.250722434062,30,0.3
0,mAb_aggregation,blank,mo_egbo_novelty_w0.30,6,30,10,10619.372388932181,6,10.68466348418668,30,30,0,16862.250722434062,30,0.3
0,mAb_aggregation,blank,mo_egbo_novelty_w0.30,7,30,10,12845.418062803481,5,6.091610788273514,25,30,1,16862.250722434062,30,0.3
0,mAb_aggregation,blank,mo_egbo_novelty_w0.30,8,30,10,11842.093236496776,6,7.264265505462775,30,30,0,16862.250722434062,30,0.3
0,mAb_aggregation,blank,mo_egbo_novelty_w0.30,9,30,10,10642.581158261999,7,13.418185551495544,30,30,0,16862.250722434062,30,0.3
0,mAb_aggregation,blank,mo_egbo_novelty_w0.30,10,30,10,10229.586417229597,10,6.564534620574234,30,30,1,16862.250722434062,30,0.3
0,mAb_aggregation,blank,mo_egbo_novelty_w0.30,11,30,10,11435.729911133034,7,6.269256094429321,30,30,0,16862.250722434062,30,0.3
0,mAb_aggregation,blank,mo_egbo_novelty_w0.30,12,30,10,13704.13961115264,6,6.687750350918606,25,25,1,16862.250722434062,30,0.3
0,mAb_aggregation,blank,mo_egbo_novelty_w0.30,13,30,10,11436.458047623522,6,6.077402183642277,30,30,0,16862.250722434062,30,0.3
0,mAb_aggregation,blank,mo_egbo_novelty_w0.30,14,30,10,9870.532527296062,11,7.444054994992703,30,30,0,16862.250722434062,30,0.3
0,mAb_oxidation,L1,mo_ls_egbo,0,30,10,1268.3601749898487,9,7.406854319691065,30,30,0,3588.062609251266,30,-1.0
0,mAb_oxidation,L1,mo_ls_egbo,1,30,10,3135.703914940973,6,5.007841064900945,30,30,0,3588.062609251266,30,-1.0
0,mAb_oxidation,L1,mo_ls_egbo,2,30,10,2121.5696012501526,11,5.258555995179983,30,30,0,3588.062609251266,30,-1.0
0,mAb_oxidation,L1,mo_ls_egbo,3,30,10,1445.5904749686094,12,6.131324579099048,30,30,0,3588.062609251266,30,-1.0
0,mAb_oxidation,L1,mo_ls_egbo,4,30,10,1711.7751889573487,11,6.071534121178186,30,30,0,3588.062609251266,30,-1.0
0,mAb_oxidation,L1,mo_ls_egbo,5,30,10,2906.6319530776427,8,4.563680791704593,20,25,0,3588.062609251266,30,-1.0
0,mAb_oxidation,L1,mo_ls_egbo,6,30,10,2067.5784041047264,8,6.045253849581661,30,30,0,3588.062609251266,30,-1.0
0,mAb_oxidation,L1,mo_ls_egbo,7,30,10,1794.6841748383986,7,6.144570664880933,30,30,1,3588.062609251266,30,-1.0
0,mAb_oxidation,L1,mo_ls_egbo,8,30,10,2636.795704161626,14,4.986233681783556,30,30,0,3588.062609251266,30,-1.0
0,mAb_oxidation,L1,mo_ls_egbo,9,30,10,2772.8973805121796,7,5.0111035502144565,25,30,0,3588.062609251266,30,-1.0
0,mAb_oxidation,L1,mo_ls_egbo,10,30,10,1864.8262433088423,10,4.459739524219394,30,30,0,3588.062609251266,30,-1.0
0,mAb_oxidation,L1,mo_ls_egbo,11,30,10,1831.601816033551,9,5.04890941591999,30,30,0,3588.062609251266,30,-1.0
0,mAb_oxidation,L1,mo_ls_egbo,12,30,10,3004.311950158228,16,3.6060473073320574,15,20,0,3588.062609251266,30,-1.0
0,mAb_oxidation,L1,mo_ls_egbo,13,30,10,2061.274998223626,9,5.099065057499167,30,30,0,3588.062609251266,30,-1.0
0,mAb_oxidation,L1,mo_ls_egbo,14,30,10,2140.131204657948,10,4.124187059968011,30,30,0,3588.062609251266,30,-1.0
0,mAb_oxidation,L1,mo_ls_na_egbo_w0.00,0,30,10,2341.5037889455593,12,3.642512831815204,30,30,0,3588.062609251266,30,0.0
0,mAb_oxidation,L1,mo_ls_na_egbo_w0.00,1,30,10,3135.280142598938,5,6.314791775443469,20,25,1,3588.062609251266,30,0.0
0,mAb_oxidation,L1,mo_ls_na_egbo_w0.00,2,30,10,2118.5491844302896,12,4.999454433342818,30,30,0,3588.062609251266,30,0.0
0,mAb_oxidation,L1,mo_ls_na_egbo_w0.00,3,30,10,1961.1825627722444,9,4.281599160398691,30,30,0,3588.062609251266,30,0.0
0,mAb_oxidation,L1,mo_ls_na_egbo_w0.00,4,30,10,2019.6839153361386,13,3.8676523486342043,30,30,0,3588.062609251266,30,0.0
0,mAb_oxidation,L1,mo_ls_na_egbo_w0.00,5,30,10,2219.5489268799656,13,4.308377340316167,30,30,0,3588.062609251266,30,0.0
0,mAb_oxidation,L1,mo_ls_na_egbo_w0.00,6,30,10,2710.4576029762125,11,4.304870803210931,25,30,1,3588.062609251266,30,0.0
0,mAb_oxidation,L1,mo_ls_na_egbo_w0.00,7,30,10,2003.9763924796441,10,4.918656540927821,30,30,0,3588.062609251266,30,0.0
0,mAb_oxidation,L1,mo_ls_na_egbo_w0.00,8,30,10,2054.4413425281023,8,5.243503118667711,30,30,0,3588.062609251266,30,0.0
0,mAb_oxidation,L1,mo_ls_na_egbo_w0.00,9,30,10,2431.741949617843,10,4.2759196214592405,30,30,0,3588.062609251266,30,0.0
0,mAb_oxidation,L1,mo_ls_na_egbo_w0.00,10,30,10,2311.9840875080877,11,5.077461885551017,30,30,0,3588.062609251266,30,0.0
0,mAb_oxidation,L1,mo_ls_na_egbo_w0.00,11,30,10,1940.357294227294,9,5.915932811394371,30,30,0,3588.062609251266,30,0.0
0,mAb_oxidation,L1,mo_ls_na_egbo_w0.00,12,30,10,3409.931279459632,10,4.301452756217111,15,15,0,3588.062609251266,30,0.0
0,mAb_oxidation,L1,mo_ls_na_egbo_w0.00,13,30,10,2108.2212357366566,11,4.525043530379673,30,30,0,3588.062609251266,30,0.0
0,mAb_oxidation,L1,mo_ls_na_egbo_w0.00,14,30,10,2779.707810359728,18,2.9578483245837104,30,30,0,3588.062609251266,30,0.0
0,mAb_oxidation,L1,mo_ls_na_egbo_w0.10,0,30,10,1520.844503672887,17,4.2703950273479245,30,30,0,3588.062609251266,30,0.1
0,mAb_oxidation,L1,mo_ls_na_egbo_w0.10,1,30,10,2541.6724049412123,6,5.280305238845968,30,30,0,3588.062609251266,30,0.1
0,mAb_oxidation,L1,mo_ls_na_egbo_w0.10,2,30,10,2016.1112448775166,11,3.965488832634332,30,30,0,3588.062609251266,30,0.1
0,mAb_oxidation,L1,mo_ls_na_egbo_w0.10,3,30,10,2041.0110181800173,9,5.556101845762264,30,30,0,3588.062609251266,30,0.1
0,mAb_oxidation,L1,mo_ls_na_egbo_w0.10,4,30,10,2691.528363284244,9,5.118146962672659,30,30,0,3588.062609251266,30,0.1
0,mAb_oxidation,L1,mo_ls_na_egbo_w0.10,5,30,10,2133.731931694439,11,4.564103270970539,30,30,0,3588.062609251266,30,0.1
0,mAb_oxidation,L1,mo_ls_na_egbo_w0.10,6,30,10,2676.336912644883,8,6.321772419230369,20,30,2,3588.062609251266,30,0.1
0,mAb_oxidation,L1,mo_ls_na_egbo_w0.10,7,30,10,2868.5313836985015,12,3.5709086265312444,20,30,0,3588.062609251266,30,0.1
0,mAb_oxidation,L1,mo_ls_na_egbo_w0.10,8,30,10,1472.604097324537,14,6.318860101856833,30,30,0,3588.062609251266,30,0.1
0,mAb_oxidation,L1,mo_ls_na_egbo_w0.10,9,30,10,2926.4224451649584,7,6.015298894247518,15,15,1,3588.062609251266,30,0.1
0,mAb_oxidation,L1,mo_ls_na_egbo_w0.10,10,30,10,2885.4002373085928,10,4.499642441773026,30,30,0,3588.062609251266,30,0.1
0,mAb_oxidation,L1,mo_ls_na_egbo_w0.10,11,30,10,1524.3804357972997,7,6.038510380585774,30,30,0,3588.062609251266,30,0.1
0,mAb_oxidation,L1,mo_ls_na_egbo_w0.10,12,30,10,2613.0685922308835,9,3.92068712359362,30,30,0,3588.062609251266,30,0.1
0,mAb_oxidation,L1,mo_ls_na_egbo_w0.10,13,30,10,3117.657271128939,9,4.485148851649227,15,20,0,3588.062609251266,30,0.1
0,mAb_oxidation,L1,mo_ls_na_egbo_w0.10,14,30,10,2689.38654789025,15,3.3293370931503863,20,30,0,3588.062609251266,30,0.1
0,mAb_oxidation,L1,mo_ls_na_egbo_w0.15,0,30,10,2583.6227935245706,10,5.135549486317362,25,30,0,3588.062609251266,30,0.15
0,mAb_oxidation,L1,mo_ls_na_egbo_w0.15,1,30,10,2266.0754603918244,11,4.170823373294982,30,30,0,3588.062609251266,30,0.15
0,mAb_oxidation,L1,mo_ls_na_egbo_w0.15,2,30,10,1951.8687089604541,7,5.6903969545807795,30,30,1,3588.062609251266,30,0.15
0,mAb_oxidation,L1,mo_ls_na_egbo_w0.15,3,30,10,2924.2073293027097,14,3.5815403899969476,20,30,0,3588.062609251266,30,0.15
0,mAb_oxidation,L1,mo_ls_na_egbo_w0.15,4,30,10,2538.760047378299,12,4.425210034614195,30,30,0,3588.062609251266,30,0.15
0,mAb_oxidation,L1,mo_ls_na_egbo_w0.15,5,30,10,2131.2969227383255,12,4.227850479931715,30,30,0,3588.062609251266,30,0.15
0,mAb_oxidation,L1,mo_ls_na_egbo_w0.15,6,30,10,2194.2897074710127,11,5.440928398122413,30,30,0,3588.062609251266,30,0.15
0,mAb_oxidation,L1,mo_ls_na_egbo_w0.15,7,30,10,2391.419920002962,8,4.164417239319224,30,30,0,3588.062609251266,30,0.15
0,mAb_oxidation,L1,mo_ls_na_egbo_w0.15,8,30,10,2180.9081087892982,13,3.6278393052790228,30,30,0,3588.062609251266,30,0.15
0,mAb_oxidation,L1,mo_ls_na_egbo_w0.15,9,30,10,1956.7997105009144,11,5.163470611681273,30,30,0,3588.062609251266,30,0.15
0,mAb_oxidation,L1,mo_ls_na_egbo_w0.15,10,30,10,2335.5538515567487,12,4.412238376752815,30,30,0,3588.062609251266,30,0.15
0,mAb_oxidation,L1,mo_ls_na_egbo_w0.15,11,30,10,2459.3437716525223,10,4.299955703949835,30,30,0,3588.062609251266,30,0.15
0,mAb_oxidation,L1,mo_ls_na_egbo_w0.15,12,30,10,1731.521338297223,15,3.8955324568882923,30,30,0,3588.062609251266,30,0.15
0,mAb_oxidation,L1,mo_ls_na_egbo_w0.15,13,30,10,2451.046516142361,12,3.895520346730601,30,30,0,3588.062609251266,30,0.15
0,mAb_oxidation,L1,mo_ls_na_egbo_w0.15,14,30,10,2662.7554231295835,8,4.541548687315008,30,30,0,3588.062609251266,30,0.15
0,mAb_oxidation,L1,mo_ls_na_egbo_w0.20,0,30,10,1867.0015021107426,10,4.49090370562386,30,30,0,3588.062609251266,30,0.2
0,mAb_oxidation,L1,mo_ls_na_egbo_w0.20,1,30,10,2139.2898489357194,12,5.2930871679466325,30,30,0,3588.062609251266,30,0.2
0,mAb_oxidation,L1,mo_ls_na_egbo_w0.20,2,30,10,2790.991073415456,8,4.258378476507837,20,30,1,3588.062609251266,30,0.2
0,mAb_oxidation,L1,mo_ls_na_egbo_w0.20,3,30,10,2424.0936988347917,9,4.8862954208239495,30,30,0,3588.062609251266,30,0.2
0,mAb_oxidation,L1,mo_ls_na_egbo_w0.20,4,30,10,2330.257079197286,11,3.45134094008905,30,30,0,3588.062609251266,30,0.2
0,mAb_oxidation,L1,mo_ls_na_egbo_w0.20,5,30,10,2648.941213512144,11,3.594042738467581,30,30,0,3588.062609251266,30,0.2
0,mAb_oxidation,L1,mo_ls_na_egbo_w0.20,6,30,10,2809.0647943601884,13,4.052951356944218,25,30,0,3588.062609251266,30,0.2
0,mAb_oxidation,L1,mo_ls_na_egbo_w0.20,7,30,10,2243.0009408214387,12,3.9158275648033958,30,30,0,3588.062609251266,30,0.2
0,mAb_oxidation,L1,mo_ls_na_egbo_w0.20,8,30,10,2590.4404446106573,7,5.465990785048833,30,30,0,3588.062609251266,30,0.2
0,mAb_oxidation,L1,mo_ls_na_egbo_w0.20,9,30,10,2758.9177743205532,4,6.417050656967167,25,30,0,3588.062609251266,30,0.2
0,mAb_oxidation,L1,mo_ls_na_egbo_w0.20,10,30,10,1685.5186757969439,13,4.762903568038129,30,30,0,3588.062609251266,30,0.2
0,mAb_oxidation,L1,mo_ls_na_egbo_w0.20,11,30,10,2446.9876175198388,11,4.393400437652185,30,30,0,3588.062609251266,30,0.2
0,mAb_oxidation,L1,mo_ls_na_egbo_w0.20,12,30,10,2885.0678276297926,10,4.050180973008828,25,30,0,3588.062609251266,30,0.2
0,mAb_oxidation,L1,mo_ls_na_egbo_w0.20,13,30,10,2177.3311895822626,14,4.270883922841189,30,30,0,3588.062609251266,30,0.2
0,mAb_oxidation,L1,mo_ls_na_egbo_w0.20,14,30,10,2419.946114061484,9,4.821555518614554,30,30,0,3588.062609251266,30,0.2
0,mAb_oxidation,L1,mo_ls_na_egbo_w0.30,0,30,10,1905.287660747562,11,4.669984002648285,30,30,0,3588.062609251266,30,0.3
0,mAb_oxidation,L1,mo_ls_na_egbo_w0.30,1,30,10,2947.671508067996,13,4.203082828053127,15,25,0,3588.062609251266,30,0.3
0,mAb_oxidation,L1,mo_ls_na_egbo_w0.30,2,30,10,2136.9911702240156,11,3.569266235080259,30,30,0,3588.062609251266,30,0.3
0,mAb_oxidation,L1,mo_ls_na_egbo_w0.30,3,30,10,3257.81195827874,10,4.012526871881413,15,15,0,3588.062609251266,30,0.3
0,mAb_oxidation,L1,mo_ls_na_egbo_w0.30,4,30,10,2396.095932244058,10,4.138682776444369,30,30,0,3588.062609251266,30,0.3
0,mAb_oxidation,L1,mo_ls_na_egbo_w0.30,5,30,10,1502.8561172717434,14,4.52154973791314,30,30,0,3588.062609251266,30,0.3
0,mAb_oxidation,L1,mo_ls_na_egbo_w0.30,6,30,10,2822.4513980855563,10,4.543865466717665,20,30,0,3588.062609251266,30,0.3
0,mAb_oxidation,L1,mo_ls_na_egbo_w0.30,7,30,10,1532.422448575316,10,6.516917157352657,30,30,0,3588.062609251266,30,0.3
0,mAb_oxidation,L1,mo_ls_na_egbo_w0.30,8,30,10,2673.4055377610666,11,4.845425924540769,30,30,0,3588.062609251266,30,0.3
0,mAb_oxidation,L1,mo_ls_na_egbo_w0.30,9,30,10,2381.1788898554823,11,4.3553909206553225,30,30,1,3588.062609251266,30,0.3
0,mAb_oxidation,L1,mo_ls_na_egbo_w0.30,10,30,10,2357.033732163737,7,6.396890409920759,30,30,0,3588.062609251266,30,0.3
0,mAb_oxidation,L1,mo_ls_na_egbo_w0.30,11,30,10,2452.766989752636,13,3.9658443965225305,30,30,0,3588.062609251266,30,0.3
0,mAb_oxidation,L1,mo_ls_na_egbo_w0.30,12,30,10,2292.499303697832,8,3.937085611906631,30,30,0,3588.062609251266,30,0.3
0,mAb_oxidation,L1,mo_ls_na_egbo_w0.30,13,30,10,2087.059219619897,9,4.174152138990439,30,30,0,3588.062609251266,30,0.3
0,mAb_oxidation,L1,mo_ls_na_egbo_w0.30,14,30,10,1767.32291662627,12,4.812916401856997,30,30,0,3588.062609251266,30,0.3
0,mAb_oxidation,L1,mo_egbo_novelty_w0.00,0,30,10,1511.3938847849838,10,6.4379791258112435,30,30,0,3588.062609251266,30,0.0
0,mAb_oxidation,L1,mo_egbo_novelty_w0.00,1,30,10,2857.679123535598,10,3.7207708900685392,30,30,1,3588.062609251266,30,0.0
0,mAb_oxidation,L1,mo_egbo_novelty_w0.00,2,30,10,2512.602757903382,9,4.026875535064186,30,30,0,3588.062609251266,30,0.0
0,mAb_oxidation,L1,mo_egbo_novelty_w0.00,3,30,10,2396.3782348538225,10,4.65535572341656,30,30,0,3588.062609251266,30,0.0
0,mAb_oxidation,L1,mo_egbo_novelty_w0.00,4,30,10,1750.1371661377266,12,4.417566705465694,30,30,0,3588.062609251266,30,0.0
0,mAb_oxidation,L1,mo_egbo_novelty_w0.00,5,30,10,1705.7279595396851,13,5.323450876873025,30,30,0,3588.062609251266,30,0.0
0,mAb_oxidation,L1,mo_egbo_novelty_w0.00,6,30,10,2696.887035629638,12,4.1373343878255335,25,30,0,3588.062609251266,30,0.0
0,mAb_oxidation,L1,mo_egbo_novelty_w0.00,7,30,10,2189.057943206552,13,3.886501215331044,30,30,0,3588.062609251266,30,0.0
0,mAb_oxidation,L1,mo_egbo_novelty_w0.00,8,30,10,1652.9738087948244,13,4.830374031641646,30,30,0,3588.062609251266,30,0.0
0,mAb_oxidation,L1,mo_egbo_novelty_w0.00,9,30,10,2220.8580244871487,15,3.4786922694572535,30,30,0,3588.062609251266,30,0.0
0,mAb_oxidation,L1,mo_egbo_novelty_w0.00,10,30,10,2895.287325032721,11,4.599857157355459,15,20,1,3588.062609251266,30,0.0
0,mAb_oxidation,L1,mo_egbo_novelty_w0.00,11,30,10,2219.923710060308,11,3.8027461848533677,30,30,0,3588.062609251266,30,0.0
0,mAb_oxidation,L1,mo_egbo_novelty_w0.00,12,30,10,2574.129629355697,7,4.630841131146728,25,30,1,3588.062609251266,30,0.0
0,mAb_oxidation,L1,mo_egbo_novelty_w0.00,13,30,10,2488.3753806346717,10,3.901074064809518,30,30,1,3588.062609251266,30,0.0
0,mAb_oxidation,L1,mo_egbo_novelty_w0.00,14,30,10,1901.8125202180067,11,5.684753349490046,30,30,0,3588.062609251266,30,0.0
0,mAb_oxidation,L1,mo_egbo_novelty_w0.10,0,30,10,1554.7291005944685,13,6.476341282376938,30,30,0,3588.062609251266,30,0.1
0,mAb_oxidation,L1,mo_egbo_novelty_w0.10,1,30,10,3101.188281123627,9,4.513212710454735,20,25,0,3588.062609251266,30,0.1
0,mAb_oxidation,L1,mo_egbo_novelty_w0.10,2,30,10,1842.525655971987,9,4.17916030333253,30,30,0,3588.062609251266,30,0.1
0,mAb_oxidation,L1,mo_egbo_novelty_w0.10,3,30,10,2415.782867483319,10,5.54318470850897,30,30,0,3588.062609251266,30,0.1
0,mAb_oxidation,L1,mo_egbo_novelty_w0.10,4,30,10,1481.4536658972352,16,5.795725778824293,30,30,0,3588.062609251266,30,0.1
0,mAb_oxidation,L1,mo_egbo_novelty_w0.10,5,30,10,2635.3816651380776,11,4.230134228795931,30,30,0,3588.062609251266,30,0.1
0,mAb_oxidation,L1,mo_egbo_novelty_w0.10,6,30,10,2362.4366235690295,9,4.567745278246163,30,30,0,3588.062609251266,30,0.1
0,mAb_oxidation,L1,mo_egbo_novelty_w0.10,7,30,10,2521.6931461712243,11,4.6378038291555965,30,30,0,3588.062609251266,30,0.1
0,mAb_oxidation,L1,mo_egbo_novelty_w0.10,8,30,10,2320.7284552727697,8,4.507400989470819,30,30,0,3588.062609251266,30,0.1
0,mAb_oxidation,L1,mo_egbo_novelty_w0.10,9,30,10,1275.5042486239847,14,5.410124171333792,30,30,0,3588.062609251266,30,0.1
0,mAb_oxidation,L1,mo_egbo_novelty_w0.10,10,30,10,2295.1559736423305,9,4.351323699034647,30,30,0,3588.062609251266,30,0.1
0,mAb_oxidation,L1,mo_egbo_novelty_w0.10,11,30,10,2344.366566505681,15,3.273764459411969,30,30,0,3588.062609251266,30,0.1
0,mAb_oxidation,L1,mo_egbo_novelty_w0.10,12,30,10,3216.5351140016005,12,4.385731754713514,30,30,0,3588.062609251266,30,0.1
0,mAb_oxidation,L1,mo_egbo_novelty_w0.10,13,30,10,2197.884322371743,11,4.551592521048175,30,30,0,3588.062609251266,30,0.1
0,mAb_oxidation,L1,mo_egbo_novelty_w0.10,14,30,10,2843.569610385062,12,5.39755912418383,30,30,0,3588.062609251266,30,0.1
0,mAb_oxidation,L1,mo_egbo_novelty_w0.15,0,30,10,1570.1487960525271,14,6.370942303380153,30,30,0,3588.062609251266,30,0.15
0,mAb_oxidation,L1,mo_egbo_novelty_w0.15,1,30,10,2591.2240158289924,11,3.9869170608786795,30,30,0,3588.062609251266,30,0.15
0,mAb_oxidation,L1,mo_egbo_novelty_w0.15,2,30,10,2142.2793560775544,9,4.114229356545742,30,30,0,3588.062609251266,30,0.15
0,mAb_oxidation,L1,mo_egbo_novelty_w0.15,3,30,10,2557.4055430319277,9,3.920129649504455,30,30,0,3588.062609251266,30,0.15
0,mAb_oxidation,L1,mo_egbo_novelty_w0.15,4,30,10,1709.101642151886,15,4.923385594390704,30,30,0,3588.062609251266,30,0.15
0,mAb_oxidation,L1,mo_egbo_novelty_w0.15,5,30,10,2269.3215379793346,8,5.998287335143213,30,30,0,3588.062609251266,30,0.15
0,mAb_oxidation,L1,mo_egbo_novelty_w0.15,6,30,10,2360.222240637045,8,5.302201553350633,30,30,1,3588.062609251266,30,0.15
0,mAb_oxidation,L1,mo_egbo_novelty_w0.15,7,30,10,1952.618665727186,11,5.453633663385535,30,30,2,3588.062609251266,30,0.15
0,mAb_oxidation,L1,mo_egbo_novelty_w0.15,8,30,10,2381.1222028063958,11,4.204550306467827,30,30,0,3588.062609251266,30,0.15
0,mAb_oxidation,L1,mo_egbo_novelty_w0.15,9,30,10,2338.6319087796915,7,4.391621532975161,30,30,1,3588.062609251266,30,0.15
0,mAb_oxidation,L1,mo_egbo_novelty_w0.15,10,30,10,2780.0018673074856,13,3.1046294542267794,30,30,0,3588.062609251266,30,0.15
0,mAb_oxidation,L1,mo_egbo_novelty_w0.15,11,30,10,2369.322294546236,14,3.5972750619244485,30,30,0,3588.062609251266,30,0.15
0,mAb_oxidation,L1,mo_egbo_novelty_w0.15,12,30,10,3269.5584111500243,11,4.127585923972531,25,25,0,3588.062609251266,30,0.15
0,mAb_oxidation,L1,mo_egbo_novelty_w0.15,13,30,10,2147.1581901482305,12,4.426557804248422,30,30,0,3588.062609251266,30,0.15
0,mAb_oxidation,L1,mo_egbo_novelty_w0.15,14,30,10,2584.618745960328,5,5.8200428707698055,25,30,1,3588.062609251266,30,0.15
0,mAb_oxidation,L1,mo_egbo_novelty_w0.20,0,30,10,1488.8570158627474,13,5.392091688314855,30,30,0,3588.062609251266,30,0.2
0,mAb_oxidation,L1,mo_egbo_novelty_w0.20,1,30,10,2675.52962727848,10,3.8758026667763894,20,30,1,3588.062609251266,30,0.2
0,mAb_oxidation,L1,mo_egbo_novelty_w0.20,2,30,10,2747.9575643641083,11,3.7897560542006237,20,30,0,3588.062609251266,30,0.2
0,mAb_oxidation,L1,mo_egbo_novelty_w0.20,3,30,10,2220.637036720373,14,3.905277971664635,30,30,0,3588.062609251266,30,0.2
0,mAb_oxidation,L1,mo_egbo_novelty_w0.20,4,30,10,2194.6703923666646,12,4.306762356148387,30,30,0,3588.062609251266,30,0.2
0,mAb_oxidation,L1,mo_egbo_novelty_w0.20,5,30,10,1936.483958047171,11,4.768751527451139,30,30,0,3588.062609251266,30,0.2
0,mAb_oxidation,L1,mo_egbo_novelty_w0.20,6,30,10,2244.476473048917,12,4.623407715388476,30,30,0,3588.062609251266,30,0.2
0,mAb_oxidation,L1,mo_egbo_novelty_w0.20,7,30,10,1728.2962749888027,7,5.651897358292551,30,30,1,3588.062609251266,30,0.2
0,mAb_oxidation,L1,mo_egbo_novelty_w0.20,8,30,10,2295.907392209273,10,4.554084085764933,30,30,0,3588.062609251266,30,0.2
0,mAb_oxidation,L1,mo_egbo_novelty_w0.20,9,30,10,1750.870541212784,11,5.609954018336234,30,30,0,3588.062609251266,30,0.2
0,mAb_oxidation,L1,mo_egbo_novelty_w0.20,10,30,10,2303.5259999962195,10,4.477073668218655,30,30,0,3588.062609251266,30,0.2
0,mAb_oxidation,L1,mo_egbo_novelty_w0.20,11,30,10,2343.144318349027,11,3.43881706608744,30,30,0,3588.062609251266,30,0.2
0,mAb_oxidation,L1,mo_egbo_novelty_w0.20,12,30,10,2912.729703510713,10,5.7604314207002325,30,30,0,3588.062609251266,30,0.2
0,mAb_oxidation,L1,mo_egbo_novelty_w0.20,13,30,10,2570.633835579841,6,4.621218429881947,25,30,1,3588.062609251266,30,0.2
0,mAb_oxidation,L1,mo_egbo_novelty_w0.20,14,30,10,2745.8749051656496,10,3.5567776282331205,15,30,0,3588.062609251266,30,0.2
0,mAb_oxidation,L1,mo_egbo_novelty_w0.30,0,30,10,1325.4021551369665,19,4.422258535282417,30,30,0,3588.062609251266,30,0.3
0,mAb_oxidation,L1,mo_egbo_novelty_w0.30,1,30,10,2999.383380581901,13,3.8080795989673977,20,30,0,3588.062609251266,30,0.3
0,mAb_oxidation,L1,mo_egbo_novelty_w0.30,2,30,10,1756.833268194661,10,4.311538648678355,30,30,0,3588.062609251266,30,0.3
0,mAb_oxidation,L1,mo_egbo_novelty_w0.30,3,30,10,3287.5826437776986,4,5.866729584466854,15,15,2,3588.062609251266,30,0.3
0,mAb_oxidation,L1,mo_egbo_novelty_w0.30,4,30,10,1626.9558654447117,6,4.121666601885131,30,30,0,3588.062609251266,30,0.3
0,mAb_oxidation,L1,mo_egbo_novelty_w0.30,5,30,10,2207.7809074923557,8,4.964191775810218,30,30,1,3588.062609251266,30,0.3
0,mAb_oxidation,L1,mo_egbo_novelty_w0.30,6,30,10,2279.555533619526,12,3.523647329663227,30,30,0,3588.062609251266,30,0.3
0,mAb_oxidation,L1,mo_egbo_novelty_w0.30,7,30,10,2075.001215611824,8,5.573853209170993,30,30,1,3588.062609251266,30,0.3
0,mAb_oxidation,L1,mo_egbo_novelty_w0.30,8,30,10,1878.0728878804632,10,5.200630498520239,30,30,0,3588.062609251266,30,0.3
0,mAb_oxidation,L1,mo_egbo_novelty_w0.30,9,30,10,1535.1806409312717,11,6.792645316336889,30,30,1,3588.062609251266,30,0.3
0,mAb_oxidation,L1,mo_egbo_novelty_w0.30,10,30,10,2413.5460168889977,13,3.947466863424201,30,30,0,3588.062609251266,30,0.3
0,mAb_oxidation,L1,mo_egbo_novelty_w0.30,11,30,10,2062.045525353561,10,4.577202641589065,30,30,0,3588.062609251266,30,0.3
0,mAb_oxidation,L1,mo_egbo_novelty_w0.30,12,30,10,2770.1758284649454,9,4.576545165169359,25,30,0,3588.062609251266,30,0.3
0,mAb_oxidation,L1,mo_egbo_novelty_w0.30,13,30,10,2356.5476453568363,6,5.077449052013507,30,30,0,3588.062609251266,30,0.3
0,mAb_oxidation,L1,mo_egbo_novelty_w0.30,14,30,10,1789.4340641981307,8,6.7993157846946195,30,30,0,3588.062609251266,30,0.3
0,mAb_oxidation,blank,mo_ls_egbo,0,30,10,2667.53328654226,11,4.3002339087292905,30,30,0,3588.062609251266,30,-1.0
0,mAb_oxidation,blank,mo_ls_egbo,1,30,10,2591.5433277909115,15,4.349049965507886,25,30,0,3588.062609251266,30,-1.0
0,mAb_oxidation,blank,mo_ls_egbo,2,30,10,4455.183907621167,8,5.561211226395608,15,15,0,3588.062609251266,30,-1.0
0,mAb_oxidation,blank,mo_ls_egbo,3,30,10,2000.5901341776603,10,4.3872997708692365,30,30,0,3588.062609251266,30,-1.0
0,mAb_oxidation,blank,mo_ls_egbo,4,30,10,2110.604461774644,10,4.2087455824185955,30,30,1,3588.062609251266,30,-1.0
0,mAb_oxidation,blank,mo_ls_egbo,5,30,10,1826.4193330494031,12,6.467320050881656,30,30,0,3588.062609251266,30,-1.0
0,mAb_oxidation,blank,mo_ls_egbo,6,30,10,1685.2144130108309,8,5.26031727742934,30,30,0,3588.062609251266,30,-1.0
0,mAb_oxidation,blank,mo_ls_egbo,7,30,10,2787.446451281434,8,4.832809037979013,25,30,1,3588.062609251266,30,-1.0
0,mAb_oxidation,blank,mo_ls_egbo,8,30,10,2503.6607472912133,14,4.3949523699740976,30,30,0,3588.062609251266,30,-1.0
0,mAb_oxidation,blank,mo_ls_egbo,9,30,10,2734.266021623497,11,4.0306492220936985,30,30,0,3588.062609251266,30,-1.0
0,mAb_oxidation,blank,mo_ls_egbo,10,30,10,2444.472552469553,11,4.209899984607968,30,30,0,3588.062609251266,30,-1.0
0,mAb_oxidation,blank,mo_ls_egbo,11,30,10,2015.293420387577,10,3.651889350822559,30,30,0,3588.062609251266,30,-1.0
0,mAb_oxidation,blank,mo_ls_egbo,12,30,10,3081.03167795577,14,3.2711009074532043,15,20,0,3588.062609251266,30,-1.0
0,mAb_oxidation,blank,mo_ls_egbo,13,30,10,2238.303623822901,14,3.1862048799444405,30,30,0,3588.062609251266,30,-1.0
0,mAb_oxidation,blank,mo_ls_egbo,14,30,10,2747.9245677031545,10,4.242899638360744,30,30,0,3588.062609251266,30,-1.0
0,mAb_oxidation,blank,mo_ls_na_egbo_w0.00,0,30,10,2847.8803496011687,8,4.142220483572292,25,30,1,3588.062609251266,30,0.0
0,mAb_oxidation,blank,mo_ls_na_egbo_w0.00,1,30,10,2520.361428747839,4,6.460146454569288,25,30,1,3588.062609251266,30,0.0
0,mAb_oxidation,blank,mo_ls_na_egbo_w0.00,2,30,10,2424.3711091331165,9,5.200735674270688,30,30,1,3588.062609251266,30,0.0
0,mAb_oxidation,blank,mo_ls_na_egbo_w0.00,3,30,10,2004.5259122097636,15,4.2269303994303975,30,30,0,3588.062609251266,30,0.0
0,mAb_oxidation,blank,mo_ls_na_egbo_w0.00,4,30,10,2173.7836406062206,13,3.705536982151185,30,30,0,3588.062609251266,30,0.0
0,mAb_oxidation,blank,mo_ls_na_egbo_w0.00,5,30,10,2330.0347104326584,13,3.8517702924440886,30,30,0,3588.062609251266,30,0.0
0,mAb_oxidation,blank,mo_ls_na_egbo_w0.00,6,30,10,2564.73645421934,9,4.513276880459018,30,30,0,3588.062609251266,30,0.0
0,mAb_oxidation,blank,mo_ls_na_egbo_w0.00,7,30,10,1305.6507416346572,13,6.512530231523623,30,30,0,3588.062609251266,30,0.0
0,mAb_oxidation,blank,mo_ls_na_egbo_w0.00,8,30,10,2427.5720318638005,11,3.6237456400811348,30,30,0,3588.062609251266,30,0.0
0,mAb_oxidation,blank,mo_ls_na_egbo_w0.00,9,30,10,2530.464943868773,13,3.762476427194957,30,30,0,3588.062609251266,30,0.0
0,mAb_oxidation,blank,mo_ls_na_egbo_w0.00,10,30,10,2340.308108490412,5,5.45984347217533,30,30,1,3588.062609251266,30,0.0
0,mAb_oxidation,blank,mo_ls_na_egbo_w0.00,11,30,10,2984.017422896328,11,4.800634591160124,30,30,0,3588.062609251266,30,0.0
0,mAb_oxidation,blank,mo_ls_na_egbo_w0.00,12,30,10,3537.8714909121973,12,4.502671660783636,15,15,0,3588.062609251266,30,0.0
0,mAb_oxidation,blank,mo_ls_na_egbo_w0.00,13,30,10,2173.697675054387,12,4.105018257122662,30,30,0,3588.062609251266,30,0.0
0,mAb_oxidation,blank,mo_ls_na_egbo_w0.00,14,30,10,2711.9956412684746,11,3.3897944995624627,20,30,1,3588.062609251266,30,0.0
0,mAb_oxidation,blank,mo_ls_na_egbo_w0.10,0,30,10,2792.4494980457275,11,4.824266687671891,15,30,0,3588.062609251266,30,0.1
0,mAb_oxidation,blank,mo_ls_na_egbo_w0.10,1,30,10,1934.59741270379,13,4.468413858323065,30,30,0,3588.062609251266,30,0.1
0,mAb_oxidation,blank,mo_ls_na_egbo_w0.10,2,30,10,2273.044211469876,9,4.7272433898645785,30,30,0,3588.062609251266,30,0.1
0,mAb_oxidation,blank,mo_ls_na_egbo_w0.10,3,30,10,2849.8697697731227,10,3.134791400782474,15,30,0,3588.062609251266,30,0.1
0,mAb_oxidation,blank,mo_ls_na_egbo_w0.10,4,30,10,2506.2426274309714,7,5.26772803053257,30,30,0,3588.062609251266,30,0.1
0,mAb_oxidation,blank,mo_ls_na_egbo_w0.10,5,30,10,2307.0828901951436,7,4.833609348296183,30,30,0,3588.062609251266,30,0.1
0,mAb_oxidation,blank,mo_ls_na_egbo_w0.10,6,30,10,2476.16900771264,14,4.394927228342091,30,30,0,3588.062609251266,30,0.1
0,mAb_oxidation,blank,mo_ls_na_egbo_w0.10,7,30,10,2230.8690058241136,16,4.638703194683715,30,30,0,3588.062609251266,30,0.1
0,mAb_oxidation,blank,mo_ls_na_egbo_w0.10,8,30,10,3092.6179423386957,14,4.101240726613954,20,20,0,3588.062609251266,30,0.1
0,mAb_oxidation,blank,mo_ls_na_egbo_w0.10,9,30,10,2977.5762193415517,7,4.56958763795256,15,15,0,3588.062609251266,30,0.1
0,mAb_oxidation,blank,mo_ls_na_egbo_w0.10,10,30,10,3056.1925489024516,5,5.375428997145318,15,20,1,3588.062609251266,30,0.1
0,mAb_oxidation,blank,mo_ls_na_egbo_w0.10,11,30,10,2185.677378215996,13,4.058471187317249,30,30,0,3588.062609251266,30,0.1
0,mAb_oxidation,blank,mo_ls_na_egbo_w0.10,12,30,10,3013.832450795398,5,4.427905130065203,15,15,1,3588.062609251266,30,0.1
0,mAb_oxidation,blank,mo_ls_na_egbo_w0.10,13,30,10,3217.8949773178556,8,4.154189164718621,20,20,1,3588.062609251266,30,0.1
0,mAb_oxidation,blank,mo_ls_na_egbo_w0.10,14,30,10,3074.3506359749795,11,3.7858075095444006,30,30,0,3588.062609251266,30,0.1
0,mAb_oxidation,blank,mo_ls_na_egbo_w0.15,0,30,10,2354.6318268835776,6,6.307074566077872,30,30,1,3588.062609251266,30,0.15
0,mAb_oxidation,blank,mo_ls_na_egbo_w0.15,1,30,10,2123.7683803816262,9,4.42379428064554,30,30,0,3588.062609251266,30,0.15
0,mAb_oxidation,blank,mo_ls_na_egbo_w0.15,2,30,10,1508.1376306539773,9,6.4891987887169895,30,30,0,3588.062609251266,30,0.15
0,mAb_oxidation,blank,mo_ls_na_egbo_w0.15,3,30,10,2895.1865897843727,10,4.2196561597719215,15,25,1,3588.062609251266,30,0.15
0,mAb_oxidation,blank,mo_ls_na_egbo_w0.15,4,30,10,2022.5174585146121,14,3.4781038001431486,30,30,0,3588.062609251266,30,0.15
0,mAb_oxidation,blank,mo_ls_na_egbo_w0.15,5,30,10,1852.1459241497055,10,4.110722331983767,30,30,0,3588.062609251266,30,0.15
0,mAb_oxidation,blank,mo_ls_na_egbo_w0.15,6,30,10,2612.4616728967553,10,4.676454485753063,20,30,0,3588.062609251266,30,0.15
0,mAb_oxidation,blank,mo_ls_na_egbo_w0.15,7,30,10,2368.565503524132,8,4.221167399847574,30,30,1,3588.062609251266,30,0.15
0,mAb_oxidation,blank,mo_ls_na_egbo_w0.15,8,30,10,2470.430535140975,7,4.354228508251206,30,30,0,3588.062609251266,30,0.15
0,mAb_oxidation,blank,mo_ls_na_egbo_w0.15,9,30,10,2775.5073412032334,12,3.486028001149193,20,30,1,3588.062609251266,30,0.15
0,mAb_oxidation,blank,mo_ls_na_egbo_w0.15,10,30,10,2280.8442817869754,10,4.528324491952403,30,30,0,3588.062609251266,30,0.15
0,mAb_oxidation,blank,mo_ls_na_egbo_w0.15,11,30,10,1735.0614181893409,11,4.775219247377517,30,30,0,3588.062609251266,30,0.15
0,mAb_oxidation,blank,mo_ls_na_egbo_w0.15,12,30,10,2130.155062619989,13,4.090250018870445,30,30,0,3588.062609251266,30,0.15
0,mAb_oxidation,blank,mo_ls_na_egbo_w0.15,13,30,10,2930.6844530042617,11,4.204369542949768,15,20,1,3588.062609251266,30,0.15
0,mAb_oxidation,blank,mo_ls_na_egbo_w0.15,14,30,10,2458.3028235590446,10,3.734789233990048,30,30,0,3588.062609251266,30,0.15
0,mAb_oxidation,blank,mo_ls_na_egbo_w0.20,0,30,10,2735.513122323716,5,5.581745912634863,20,30,1,3588.062609251266,30,0.2
0,mAb_oxidation,blank,mo_ls_na_egbo_w0.20,1,30,10,1757.4557652469462,14,4.167345313371304,30,30,0,3588.062609251266,30,0.2
0,mAb_oxidation,blank,mo_ls_na_egbo_w0.20,2,30,10,2098.9675099957767,13,3.507264006969716,30,30,0,3588.062609251266,30,0.2
0,mAb_oxidation,blank,mo_ls_na_egbo_w0.20,3,30,10,2608.0757263684845,13,3.7838212967402844,25,30,0,3588.062609251266,30,0.2
0,mAb_oxidation,blank,mo_ls_na_egbo_w0.20,4,30,10,1871.1729345433941,13,4.1817191409625485,30,30,0,3588.062609251266,30,0.2
0,mAb_oxidation,blank,mo_ls_na_egbo_w0.20,5,30,10,1975.6401408765164,10,4.5292945156130235,30,30,0,3588.062609251266,30,0.2
0,mAb_oxidation,blank,mo_ls_na_egbo_w0.20,6,30,10,2580.1899358127175,11,4.848229292783905,25,30,0,3588.062609251266,30,0.2
0,mAb_oxidation,blank,mo_ls_na_egbo_w0.20,7,30,10,2479.7130668271216,10,4.04447473686986,30,30,0,3588.062609251266,30,0.2
0,mAb_oxidation,blank,mo_ls_na_egbo_w0.20,8,30,10,2443.333301791502,7,4.637815646051749,30,30,0,3588.062609251266,30,0.2
0,mAb_oxidation,blank,mo_ls_na_egbo_w0.20,9,30,10,2102.2534153517468,6,7.444910624585387,30,30,1,3588.062609251266,30,0.2
0,mAb_oxidation,blank,mo_ls_na_egbo_w0.20,10,30,10,2162.4247222744953,8,5.829533867702001,30,30,1,3588.062609251266,30,0.2
0,mAb_oxidation,blank,mo_ls_na_egbo_w0.20,11,30,10,1970.9702723487628,13,4.246309024205533,30,30,0,3588.062609251266,30,0.2
0,mAb_oxidation,blank,mo_ls_na_egbo_w0.20,12,30,10,2363.05366256581,8,5.343929210842272,30,30,0,3588.062609251266,30,0.2
0,mAb_oxidation,blank,mo_ls_na_egbo_w0.20,13,30,10,2823.729886254545,10,4.164208808221262,20,30,0,3588.062609251266,30,0.2
0,mAb_oxidation,blank,mo_ls_na_egbo_w0.20,14,30,10,2288.6381092481083,14,4.01887020052365,30,30,0,3588.062609251266,30,0.2
0,mAb_oxidation,blank,mo_ls_na_egbo_w0.30,0,30,10,2808.828025568495,4,4.905432584228442,25,30,1,3588.062609251266,30,0.3
0,mAb_oxidation,blank,mo_ls_na_egbo_w0.30,1,30,10,2638.698741709889,10,4.321530645459015,15,30,0,3588.062609251266,30,0.3
0,mAb_oxidation,blank,mo_ls_na_egbo_w0.30,2,30,10,2851.8915573269273,5,6.036240900007567,15,30,2,3588.062609251266,30,0.3
0,mAb_oxidation,blank,mo_ls_na_egbo_w0.30,3,30,10,2748.1377273622597,10,4.681437545632221,15,30,0,3588.062609251266,30,0.3
0,mAb_oxidation,blank,mo_ls_na_egbo_w0.30,4,30,10,2579.1459776509787,7,4.920897776374071,30,30,0,3588.062609251266,30,0.3
0,mAb_oxidation,blank,mo_ls_na_egbo_w0.30,5,30,10,2589.5570718664294,9,4.37573624732648,30,30,0,3588.062609251266,30,0.3
0,mAb_oxidation,blank,mo_ls_na_egbo_w0.30,6,30,10,2902.258250786271,11,4.853746774005306,20,25,0,3588.062609251266,30,0.3
0,mAb_oxidation,blank,mo_ls_na_egbo_w0.30,7,30,10,1965.7564556345967,10,4.999012446137741,30,30,1,3588.062609251266,30,0.3
0,mAb_oxidation,blank,mo_ls_na_egbo_w0.30,8,30,10,2670.4843254695784,11,4.013354366269226,25,30,0,3588.062609251266,30,0.3
0,mAb_oxidation,blank,mo_ls_na_egbo_w0.30,9,30,10,2619.3305560538156,10,3.5747968240392956,30,30,0,3588.062609251266,30,0.3
0,mAb_oxidation,blank,mo_ls_na_egbo_w0.30,10,30,10,2186.9677781052583,11,4.33089796622439,30,30,0,3588.062609251266,30,0.3
0,mAb_oxidation,blank,mo_ls_na_egbo_w0.30,11,30,10,2161.391082337937,13,3.824947781557576,30,30,0,3588.062609251266,30,0.3
0,mAb_oxidation,blank,mo_ls_na_egbo_w0.30,12,30,10,2716.4838186267293,10,3.539541150230063,15,30,0,3588.062609251266,30,0.3
0,mAb_oxidation,blank,mo_ls_na_egbo_w0.30,13,30,10,1728.550323498896,13,5.770676522721299,30,30,0,3588.062609251266,30,0.3
0,mAb_oxidation,blank,mo_ls_na_egbo_w0.30,14,30,10,1505.3602399416495,15,5.731308559355176,30,30,0,3588.062609251266,30,0.3
0,mAb_oxidation,blank,mo_egbo_novelty_w0.00,0,30,10,1424.4294834548484,16,5.956530180395252,30,30,0,3588.062609251266,30,0.0
0,mAb_oxidation,blank,mo_egbo_novelty_w0.00,1,30,10,2737.151617223939,13,3.1116811996680265,20,30,1,3588.062609251266,30,0.0
0,mAb_oxidation,blank,mo_egbo_novelty_w0.00,2,30,10,2798.629038376106,11,3.7609366091421186,30,30,0,3588.062609251266,30,0.0
0,mAb_oxidation,blank,mo_egbo_novelty_w0.00,3,30,10,2443.008237491216,11,4.221079841378176,30,30,1,3588.062609251266,30,0.0
0,mAb_oxidation,blank,mo_egbo_novelty_w0.00,4,30,10,2414.189636906452,12,3.8174250346986827,30,30,0,3588.062609251266,30,0.0
0,mAb_oxidation,blank,mo_egbo_novelty_w0.00,5,30,10,2319.225196696349,12,3.817926197858875,30,30,0,3588.062609251266,30,0.0
0,mAb_oxidation,blank,mo_egbo_novelty_w0.00,6,30,10,2400.8299644022563,16,4.907286212545237,30,30,0,3588.062609251266,30,0.0
0,mAb_oxidation,blank,mo_egbo_novelty_w0.00,7,30,10,1870.4991167998508,17,4.906228005893426,30,30,0,3588.062609251266,30,0.0
0,mAb_oxidation,blank,mo_egbo_novelty_w0.00,8,30,10,1853.6582997097732,11,4.974407923654216,30,30,0,3588.062609251266,30,0.0
0,mAb_oxidation,blank,mo_egbo_novelty_w0.00,9,30,10,1985.7618411419126,11,4.107880019634519,30,30,0,3588.062609251266,30,0.0
0,mAb_oxidation,blank,mo_egbo_novelty_w0.00,10,30,10,1582.3878385332307,13,6.5323881684360545,30,30,0,3588.062609251266,30,0.0
0,mAb_oxidation,blank,mo_egbo_novelty_w0.00,11,30,10,2031.5707889442565,14,3.5912578580718413,30,30,0,3588.062609251266,30,0.0
0,mAb_oxidation,blank,mo_egbo_novelty_w0.00,12,30,10,2626.6359042839786,10,4.222870515728271,30,30,0,3588.062609251266,30,0.0
0,mAb_oxidation,blank,mo_egbo_novelty_w0.00,13,30,10,2714.2086495787403,7,4.386898837195075,30,30,0,3588.062609251266,30,0.0
0,mAb_oxidation,blank,mo_egbo_novelty_w0.00,14,30,10,2344.9811972820303,11,4.714712102749209,30,30,0,3588.062609251266,30,0.0
0,mAb_oxidation,blank,mo_egbo_novelty_w0.10,0,30,10,2030.1966048866432,12,4.309639094443622,30,30,0,3588.062609251266,30,0.1
0,mAb_oxidation,blank,mo_egbo_novelty_w0.10,1,30,10,2618.1485926593664,13,3.775851793814839,20,30,0,3588.062609251266,30,0.1
0,mAb_oxidation,blank,mo_egbo_novelty_w0.10,2,30,10,1926.4429485345856,11,4.835231455592818,30,30,0,3588.062609251266,30,0.1
0,mAb_oxidation,blank,mo_egbo_novelty_w0.10,3,30,10,2712.42436766433,8,5.314910597741393,25,30,0,3588.062609251266,30,0.1
0,mAb_oxidation,blank,mo_egbo_novelty_w0.10,4,30,10,2017.5412085540763,8,5.099417639169341,30,30,0,3588.062609251266,30,0.1
0,mAb_oxidation,blank,mo_egbo_novelty_w0.10,5,30,10,2667.407216935339,13,3.254608328112226,30,30,0,3588.062609251266,30,0.1
0,mAb_oxidation,blank,mo_egbo_novelty_w0.10,6,30,10,2440.4501853149436,11,4.385962702786375,30,30,0,3588.062609251266,30,0.1
0,mAb_oxidation,blank,mo_egbo_novelty_w0.10,7,30,10,2614.508884616026,10,4.874007386285606,30,30,0,3588.062609251266,30,0.1
0,mAb_oxidation,blank,mo_egbo_novelty_w0.10,8,30,10,1674.6335933288312,11,5.251630074067827,30,30,0,3588.062609251266,30,0.1
0,mAb_oxidation,blank,mo_egbo_novelty_w0.10,9,30,10,2107.87468418425,10,4.706567102914732,30,30,0,3588.062609251266,30,0.1
0,mAb_oxidation,blank,mo_egbo_novelty_w0.10,10,30,10,1934.6304747428833,15,4.09253711600795,30,30,0,3588.062609251266,30,0.1
0,mAb_oxidation,blank,mo_egbo_novelty_w0.10,11,30,10,2402.268955419376,10,4.397647010525725,30,30,1,3588.062609251266,30,0.1
0,mAb_oxidation,blank,mo_egbo_novelty_w0.10,12,30,10,2597.414462367965,17,3.078546436238522,30,30,0,3588.062609251266,30,0.1
0,mAb_oxidation,blank,mo_egbo_novelty_w0.10,13,30,10,2198.9717401654425,9,5.011573274899062,30,30,0,3588.062609251266,30,0.1
0,mAb_oxidation,blank,mo_egbo_novelty_w0.10,14,30,10,2585.8247861844466,8,4.110705256554441,30,30,0,3588.062609251266,30,0.1
0,mAb_oxidation,blank,mo_egbo_novelty_w0.15,0,30,10,1845.0497563333415,12,4.492629034909143,30,30,0,3588.062609251266,30,0.15
0,mAb_oxidation,blank,mo_egbo_novelty_w0.15,1,30,10,2905.5562374911806,10,3.701816004318961,20,20,0,3588.062609251266,30,0.15
0,mAb_oxidation,blank,mo_egbo_novelty_w0.15,2,30,10,1816.4489966484075,13,3.9608627936091083,30,30,0,3588.062609251266,30,0.15
0,mAb_oxidation,blank,mo_egbo_novelty_w0.15,3,30,10,2494.98206618931,11,3.599234407050069,30,30,0,3588.062609251266,30,0.15
0,mAb_oxidation,blank,mo_egbo_novelty_w0.15,4,30,10,1636.423855380335,11,5.457528916734307,30,30,0,3588.062609251266,30,0.15
0,mAb_oxidation,blank,mo_egbo_novelty_w0.15,5,30,10,2075.699009994883,10,5.369367604346201,30,30,0,3588.062609251266,30,0.15
0,mAb_oxidation,blank,mo_egbo_novelty_w0.15,6,30,10,2100.720785882429,14,3.796180566021019,30,30,0,3588.062609251266,30,0.15
0,mAb_oxidation,blank,mo_egbo_novelty_w0.15,7,30,10,2465.3375964354527,9,4.346006318262277,30,30,0,3588.062609251266,30,0.15
0,mAb_oxidation,blank,mo_egbo_novelty_w0.15,8,30,10,2086.0719230649775,8,5.25313184869185,30,30,0,3588.062609251266,30,0.15
0,mAb_oxidation,blank,mo_egbo_novelty_w0.15,9,30,10,2329.2166526707297,8,5.128175838609039,30,30,0,3588.062609251266,30,0.15
0,mAb_oxidation,blank,mo_egbo_novelty_w0.15,10,30,10,1412.4538130727947,9,6.630611953111622,30,30,0,3588.062609251266,30,0.15
0,mAb_oxidation,blank,mo_egbo_novelty_w0.15,11,30,10,3655.6726931427297,6,4.679217264231038,20,20,1,3588.062609251266,30,0.15
0,mAb_oxidation,blank,mo_egbo_novelty_w0.15,12,30,10,3171.690265110866,12,4.680141631423022,25,25,0,3588.062609251266,30,0.15
0,mAb_oxidation,blank,mo_egbo_novelty_w0.15,13,30,10,2556.8503205979728,11,4.231250831118923,30,30,0,3588.062609251266,30,0.15
0,mAb_oxidation,blank,mo_egbo_novelty_w0.15,14,30,10,3035.0882419476934,11,4.462810282388575,30,30,0,3588.062609251266,30,0.15
0,mAb_oxidation,blank,mo_egbo_novelty_w0.20,0,30,10,2019.0207505618641,14,3.868644661745233,30,30,0,3588.062609251266,30,0.2
0,mAb_oxidation,blank,mo_egbo_novelty_w0.20,1,30,10,2698.913755553731,7,4.384117652069453,25,30,0,3588.062609251266,30,0.2
0,mAb_oxidation,blank,mo_egbo_novelty_w0.20,2,30,10,2597.2543637660438,13,4.230420402940014,25,30,0,3588.062609251266,30,0.2
0,mAb_oxidation,blank,mo_egbo_novelty_w0.20,3,30,10,1861.495504254273,10,4.027836717925467,30,30,1,3588.062609251266,30,0.2
0,mAb_oxidation,blank,mo_egbo_novelty_w0.20,4,30,10,2819.5490170312023,10,5.237280935336919,25,30,0,3588.062609251266,30,0.2
0,mAb_oxidation,blank,mo_egbo_novelty_w0.20,5,30,10,2656.2380586768786,7,4.10634762211924,30,30,0,3588.062609251266,30,0.2
0,mAb_oxidation,blank,mo_egbo_novelty_w0.20,6,30,10,2339.8790507399053,12,3.929846943688028,30,30,1,3588.062609251266,30,0.2
0,mAb_oxidation,blank,mo_egbo_novelty_w0.20,7,30,10,2494.9813857208674,6,4.466241994709334,30,30,1,3588.062609251266,30,0.2
0,mAb_oxidation,blank,mo_egbo_novelty_w0.20,8,30,10,1620.9510106675402,14,5.426437477601259,30,30,1,3588.062609251266,30,0.2
0,mAb_oxidation,blank,mo_egbo_novelty_w0.20,9,30,10,1744.5307997282246,14,4.7357357645499345,30,30,0,3588.062609251266,30,0.2
0,mAb_oxidation,blank,mo_egbo_novelty_w0.20,10,30,10,1938.8875411585916,11,5.142824024003333,30,30,0,3588.062609251266,30,0.2
0,mAb_oxidation,blank,mo_egbo_novelty_w0.20,11,30,10,2280.9668236195,13,3.2425253156201896,30,30,0,3588.062609251266,30,0.2
0,mAb_oxidation,blank,mo_egbo_novelty_w0.20,12,30,10,3096.8850022695306,9,5.354148174644666,20,25,0,3588.062609251266,30,0.2
0,mAb_oxidation,blank,mo_egbo_novelty_w0.20,13,30,10,2240.961055495693,6,4.502591707718455,30,30,0,3588.062609251266,30,0.2
0,mAb_oxidation,blank,mo_egbo_novelty_w0.20,14,30,10,2759.0415356565795,10,3.9330506500976226,15,30,0,3588.062609251266,30,0.2
0,mAb_oxidation,blank,mo_egbo_novelty_w0.30,0,30,10,2933.1175851337284,14,2.8489001995856134,20,30,0,3588.062609251266,30,0.3
0,mAb_oxidation,blank,mo_egbo_novelty_w0.30,1,30,10,2928.594002731223,10,3.5444646918114673,25,25,0,3588.062609251266,30,0.3
0,mAb_oxidation,blank,mo_egbo_novelty_w0.30,2,30,10,3343.828405518098,11,3.147035349394781,25,25,0,3588.062609251266,30,0.3
0,mAb_oxidation,blank,mo_egbo_novelty_w0.30,3,30,10,3331.608271650811,7,4.626472096301858,15,15,0,3588.062609251266,30,0.3
0,mAb_oxidation,blank,mo_egbo_novelty_w0.30,4,30,10,1601.4794003831091,11,5.0192398184860325,30,30,0,3588.062609251266,30,0.3
0,mAb_oxidation,blank,mo_egbo_novelty_w0.30,5,30,10,2110.9170561864917,8,4.3802924704407324,30,30,1,3588.062609251266,30,0.3
0,mAb_oxidation,blank,mo_egbo_novelty_w0.30,6,30,10,2446.0538820587262,11,4.599646135898409,30,30,0,3588.062609251266,30,0.3
0,mAb_oxidation,blank,mo_egbo_novelty_w0.30,7,30,10,2617.3511125717687,9,4.129969410382513,30,30,0,3588.062609251266,30,0.3
0,mAb_oxidation,blank,mo_egbo_novelty_w0.30,8,30,10,2148.3875221768194,11,3.7740449502537112,30,30,0,3588.062609251266,30,0.3
0,mAb_oxidation,blank,mo_egbo_novelty_w0.30,9,30,10,1448.3197564286838,12,6.490304184244651,30,30,0,3588.062609251266,30,0.3
0,mAb_oxidation,blank,mo_egbo_novelty_w0.30,10,30,10,2483.224670757937,13,4.080190000376905,30,30,0,3588.062609251266,30,0.3
0,mAb_oxidation,blank,mo_egbo_novelty_w0.30,11,30,10,1561.0278401737771,13,5.110855256788058,30,30,0,3588.062609251266,30,0.3
0,mAb_oxidation,blank,mo_egbo_novelty_w0.30,12,30,10,2320.150125989889,11,4.266254698940798,30,30,0,3588.062609251266,30,0.3
0,mAb_oxidation,blank,mo_egbo_novelty_w0.30,13,30,10,1991.1249375595369,9,4.601333348025046,30,30,0,3588.062609251266,30,0.3
0,mAb_oxidation,blank,mo_egbo_novelty_w0.30,14,30,10,2166.7410763048624,11,4.78211106703315,30,30,0,3588.062609251266,30,0.3
